config_id,case_id,case_name,delta_m,tail_rule,primary,supported_floors,B1_m,B2_m,B3_m,B4_m,B5_m
shallow,,shallow,,original,True,4,3.5,7.0,10.5,14.0,17.5
central,,central,,original,True,4,5.0,9.0,13.0,17.0,21.0
deep,,deep,,original,True,4,5.5,11.0,16.5,22.0,27.5
E1_m03_extend,E1,学院南路62号科研楼,-0.3,continue_last_increment,False,3,6.05,10.05,14.05,18.05,22.05
E1_m03_central_tail,E1,学院南路62号科研楼,-0.3,retain_central_unsourced,False,3,6.05,10.05,14.05,17.0,21.0
E1_zero_extend,E1,学院南路62号科研楼,0.0,continue_last_increment,False,3,5.75,9.75,13.75,17.75,21.75
E1_zero_central_tail,E1,学院南路62号科研楼,0.0,retain_central_unsourced,False,3,5.75,9.75,13.75,17.0,21.0
E1_p03_extend,E1,学院南路62号科研楼,0.3,continue_last_increment,True,3,5.45,9.45,13.45,17.45,21.45
E1_p03_central_tail,E1,学院南路62号科研楼,0.3,retain_central_unsourced,True,3,5.45,9.45,13.45,17.0,21.0
E2_m03_extend,E2,凯恒中心,-0.3,continue_last_increment,False,3,6.0,9.3,12.600000000000001,15.900000000000002,19.200000000000003
E2_m03_central_tail,E2,凯恒中心,-0.3,retain_central_unsourced,False,3,6.0,9.3,12.600000000000001,17.0,21.0
E2_zero_extend,E2,凯恒中心,0.0,continue_last_increment,True,3,5.7,9.0,12.3,15.600000000000001,18.9
E2_zero_central_tail,E2,凯恒中心,0.0,retain_central_unsourced,True,3,5.7,9.0,12.3,17.0,21.0
E2_p03_extend,E2,凯恒中心,0.3,continue_last_increment,False,3,5.4,8.7,12.0,15.3,18.6
E2_p03_central_tail,E2,凯恒中心,0.3,retain_central_unsourced,False,3,5.4,8.7,12.0,17.0,21.0
E3_m03_extend,E3,金方大厦,-0.3,continue_last_increment,False,2,3.65,7.85,12.05,16.25,20.450000000000003
E3_m03_central_tail,E3,金方大厦,-0.3,retain_central_unsourced,False,2,3.65,7.85,13.0,17.0,21.0
E3_zero_extend,E3,金方大厦,0.0,continue_last_increment,True,2,3.35,7.55,11.75,15.95,20.150000000000002
E3_zero_central_tail,E3,金方大厦,0.0,retain_central_unsourced,True,2,3.35,7.55,13.0,17.0,21.0
E3_p03_extend,E3,金方大厦,0.3,continue_last_increment,False,2,3.0500000000000003,7.25,11.45,15.65,19.85
E3_p03_central_tail,E3,金方大厦,0.3,retain_central_unsourced,False,2,3.0500000000000003,7.25,13.0,17.0,21.0
E4_m03_extend,E4,国家知识产权局专利局专利审查协作北京中心专利大厦（北京市丰台区汽车博物馆南路2号）,-0.3,continue_last_increment,False,3,4.3,9.4,14.5,19.6,24.7
E4_m03_central_tail,E4,国家知识产权局专利局专利审查协作北京中心专利大厦（北京市丰台区汽车博物馆南路2号）,-0.3,retain_central_unsourced,False,3,4.3,9.4,14.5,17.0,21.0
E4_zero_extend,E4,国家知识产权局专利局专利审查协作北京中心专利大厦（北京市丰台区汽车博物馆南路2号）,0.0,continue_last_increment,False,3,4.0,9.1,14.2,19.299999999999997,24.4
E4_zero_central_tail,E4,国家知识产权局专利局专利审查协作北京中心专利大厦（北京市丰台区汽车博物馆南路2号）,0.0,retain_central_unsourced,False,3,4.0,9.1,14.2,17.0,21.0
E4_p03_extend,E4,国家知识产权局专利局专利审查协作北京中心专利大厦（北京市丰台区汽车博物馆南路2号）,0.3,continue_last_increment,True,3,3.7,8.799999999999999,13.899999999999999,19.0,24.099999999999998
E4_p03_central_tail,E4,国家知识产权局专利局专利审查协作北京中心专利大厦（北京市丰台区汽车博物馆南路2号）,0.3,retain_central_unsourced,True,3,3.7,8.799999999999999,13.899999999999999,17.0,21.0
