case_id,case_name,delta_m,layer_bucket,reported_storey_height_m,relative_floor_elevation_m,floor_elevation_basis,nominal_depth_below_ground_m,central_depth_m,difference_from_central_m,primary_delta
E1,学院南路62号科研楼,-0.3,B1,5.75,-5.75,calculated from storey heights with first-floor datum assumed,6.05,5,1.0499999999999998,False
E1,学院南路62号科研楼,-0.3,B2,4.0,-9.75,calculated from storey heights with first-floor datum assumed,10.05,9,1.0500000000000007,False
E1,学院南路62号科研楼,-0.3,B3,4.0,-13.75,calculated from storey heights with first-floor datum assumed,14.05,13,1.0500000000000007,False
E1,学院南路62号科研楼,0.0,B1,5.75,-5.75,calculated from storey heights with first-floor datum assumed,5.75,5,0.75,False
E1,学院南路62号科研楼,0.0,B2,4.0,-9.75,calculated from storey heights with first-floor datum assumed,9.75,9,0.75,False
E1,学院南路62号科研楼,0.0,B3,4.0,-13.75,calculated from storey heights with first-floor datum assumed,13.75,13,0.75,False
E1,学院南路62号科研楼,0.3,B1,5.75,-5.75,calculated from storey heights with first-floor datum assumed,5.45,5,0.4500000000000002,True
E1,学院南路62号科研楼,0.3,B2,4.0,-9.75,calculated from storey heights with first-floor datum assumed,9.45,9,0.4499999999999993,True
E1,学院南路62号科研楼,0.3,B3,4.0,-13.75,calculated from storey heights with first-floor datum assumed,13.45,13,0.4499999999999993,True
E2,凯恒中心,-0.3,B1,5.7,-5.7,calculated from storey heights with first-floor datum assumed,6.0,5,1.0,False
E2,凯恒中心,-0.3,B2,3.3,-9.0,calculated from storey heights with first-floor datum assumed,9.3,9,0.3000000000000007,False
E2,凯恒中心,-0.3,B3,3.3,-12.3,calculated from storey heights with first-floor datum assumed,12.600000000000001,13,-0.3999999999999986,False
E2,凯恒中心,0.0,B1,5.7,-5.7,calculated from storey heights with first-floor datum assumed,5.7,5,0.7000000000000002,True
E2,凯恒中心,0.0,B2,3.3,-9.0,calculated from storey heights with first-floor datum assumed,9.0,9,0.0,True
E2,凯恒中心,0.0,B3,3.3,-12.3,calculated from storey heights with first-floor datum assumed,12.3,13,-0.6999999999999993,True
E2,凯恒中心,0.3,B1,5.7,-5.7,calculated from storey heights with first-floor datum assumed,5.4,5,0.40000000000000036,False
E2,凯恒中心,0.3,B2,3.3,-9.0,calculated from storey heights with first-floor datum assumed,8.7,9,-0.3000000000000007,False
E2,凯恒中心,0.3,B3,3.3,-12.3,calculated from storey heights with first-floor datum assumed,12.0,13,-1.0,False
E3,金方大厦,-0.3,B1,3.35,-3.35,reported,3.65,5,-1.35,False
E3,金方大厦,-0.3,B2,4.2,-7.55,reported,7.85,9,-1.1500000000000004,False
E3,金方大厦,0.0,B1,3.35,-3.35,reported,3.35,5,-1.65,True
E3,金方大厦,0.0,B2,4.2,-7.55,reported,7.55,9,-1.4500000000000002,True
E3,金方大厦,0.3,B1,3.35,-3.35,reported,3.0500000000000003,5,-1.9499999999999997,False
E3,金方大厦,0.3,B2,4.2,-7.55,reported,7.25,9,-1.75,False
E4,国家知识产权局专利局专利审查协作北京中心专利大厦（北京市丰台区汽车博物馆南路2号）,-0.3,B1,4.0,-4.0,calculated from storey heights with first-floor datum assumed,4.3,5,-0.7000000000000002,False
E4,国家知识产权局专利局专利审查协作北京中心专利大厦（北京市丰台区汽车博物馆南路2号）,-0.3,B2,5.1,-9.1,calculated from storey heights with first-floor datum assumed,9.4,9,0.40000000000000036,False
E4,国家知识产权局专利局专利审查协作北京中心专利大厦（北京市丰台区汽车博物馆南路2号）,-0.3,B3,5.1,-14.2,calculated from storey heights with first-floor datum assumed,14.5,13,1.5,False
E4,国家知识产权局专利局专利审查协作北京中心专利大厦（北京市丰台区汽车博物馆南路2号）,0.0,B1,4.0,-4.0,calculated from storey heights with first-floor datum assumed,4.0,5,-1.0,False
E4,国家知识产权局专利局专利审查协作北京中心专利大厦（北京市丰台区汽车博物馆南路2号）,0.0,B2,5.1,-9.1,calculated from storey heights with first-floor datum assumed,9.1,9,0.09999999999999964,False
E4,国家知识产权局专利局专利审查协作北京中心专利大厦（北京市丰台区汽车博物馆南路2号）,0.0,B3,5.1,-14.2,calculated from storey heights with first-floor datum assumed,14.2,13,1.1999999999999993,False
E4,国家知识产权局专利局专利审查协作北京中心专利大厦（北京市丰台区汽车博物馆南路2号）,0.3,B1,4.0,-4.0,calculated from storey heights with first-floor datum assumed,3.7,5,-1.2999999999999998,True
E4,国家知识产权局专利局专利审查协作北京中心专利大厦（北京市丰台区汽车博物馆南路2号）,0.3,B2,5.1,-9.1,calculated from storey heights with first-floor datum assumed,8.799999999999999,9,-0.20000000000000107,True
E4,国家知识产权局专利局专利审查协作北京中心专利大厦（北京市丰台区汽车博物馆南路2号）,0.3,B3,5.1,-14.2,calculated from storey heights with first-floor datum assumed,13.899999999999999,13,0.8999999999999986,True
