config_id,district,first_observed_contact_year,contact_at_first_observed_year,annual_observation_note
shallow,大兴区,2000.0,True,sampled year-end states; no continuous within-year persistence inferred
shallow,密云区,,False,sampled year-end states; no continuous within-year persistence inferred
shallow,平谷区,,False,sampled year-end states; no continuous within-year persistence inferred
shallow,延庆区,2000.0,True,sampled year-end states; no continuous within-year persistence inferred
shallow,怀柔区,2000.0,True,sampled year-end states; no continuous within-year persistence inferred
shallow,房山区,2000.0,True,sampled year-end states; no continuous within-year persistence inferred
shallow,昌平区,,False,sampled year-end states; no continuous within-year persistence inferred
shallow,通州区,2000.0,True,sampled year-end states; no continuous within-year persistence inferred
shallow,门头沟区,,False,sampled year-end states; no continuous within-year persistence inferred
shallow,顺义区,,False,sampled year-end states; no continuous within-year persistence inferred
central,大兴区,2000.0,True,sampled year-end states; no continuous within-year persistence inferred
central,密云区,,False,sampled year-end states; no continuous within-year persistence inferred
central,平谷区,,False,sampled year-end states; no continuous within-year persistence inferred
central,延庆区,2000.0,True,sampled year-end states; no continuous within-year persistence inferred
central,怀柔区,2000.0,True,sampled year-end states; no continuous within-year persistence inferred
central,房山区,2000.0,True,sampled year-end states; no continuous within-year persistence inferred
central,昌平区,2000.0,True,sampled year-end states; no continuous within-year persistence inferred
central,通州区,2000.0,True,sampled year-end states; no continuous within-year persistence inferred
central,门头沟区,2017.0,False,sampled year-end states; no continuous within-year persistence inferred
central,顺义区,,False,sampled year-end states; no continuous within-year persistence inferred
deep,大兴区,2000.0,True,sampled year-end states; no continuous within-year persistence inferred
deep,密云区,,False,sampled year-end states; no continuous within-year persistence inferred
deep,平谷区,,False,sampled year-end states; no continuous within-year persistence inferred
deep,延庆区,2000.0,True,sampled year-end states; no continuous within-year persistence inferred
deep,怀柔区,2000.0,True,sampled year-end states; no continuous within-year persistence inferred
deep,房山区,2000.0,True,sampled year-end states; no continuous within-year persistence inferred
deep,昌平区,2000.0,True,sampled year-end states; no continuous within-year persistence inferred
deep,通州区,2000.0,True,sampled year-end states; no continuous within-year persistence inferred
deep,门头沟区,2000.0,True,sampled year-end states; no continuous within-year persistence inferred
deep,顺义区,,False,sampled year-end states; no continuous within-year persistence inferred
E1_m03_extend,大兴区,2000.0,True,sampled year-end states; no continuous within-year persistence inferred
E1_m03_extend,密云区,,False,sampled year-end states; no continuous within-year persistence inferred
E1_m03_extend,平谷区,,False,sampled year-end states; no continuous within-year persistence inferred
E1_m03_extend,延庆区,2000.0,True,sampled year-end states; no continuous within-year persistence inferred
E1_m03_extend,怀柔区,2000.0,True,sampled year-end states; no continuous within-year persistence inferred
E1_m03_extend,房山区,2000.0,True,sampled year-end states; no continuous within-year persistence inferred
E1_m03_extend,昌平区,2000.0,True,sampled year-end states; no continuous within-year persistence inferred
E1_m03_extend,通州区,2000.0,True,sampled year-end states; no continuous within-year persistence inferred
E1_m03_extend,门头沟区,2017.0,False,sampled year-end states; no continuous within-year persistence inferred
E1_m03_extend,顺义区,,False,sampled year-end states; no continuous within-year persistence inferred
E1_m03_central_tail,大兴区,2000.0,True,sampled year-end states; no continuous within-year persistence inferred
E1_m03_central_tail,密云区,,False,sampled year-end states; no continuous within-year persistence inferred
E1_m03_central_tail,平谷区,,False,sampled year-end states; no continuous within-year persistence inferred
E1_m03_central_tail,延庆区,2000.0,True,sampled year-end states; no continuous within-year persistence inferred
E1_m03_central_tail,怀柔区,2000.0,True,sampled year-end states; no continuous within-year persistence inferred
E1_m03_central_tail,房山区,2000.0,True,sampled year-end states; no continuous within-year persistence inferred
E1_m03_central_tail,昌平区,2000.0,True,sampled year-end states; no continuous within-year persistence inferred
E1_m03_central_tail,通州区,2000.0,True,sampled year-end states; no continuous within-year persistence inferred
E1_m03_central_tail,门头沟区,2017.0,False,sampled year-end states; no continuous within-year persistence inferred
E1_m03_central_tail,顺义区,,False,sampled year-end states; no continuous within-year persistence inferred
E1_zero_extend,大兴区,2000.0,True,sampled year-end states; no continuous within-year persistence inferred
E1_zero_extend,密云区,,False,sampled year-end states; no continuous within-year persistence inferred
E1_zero_extend,平谷区,,False,sampled year-end states; no continuous within-year persistence inferred
E1_zero_extend,延庆区,2000.0,True,sampled year-end states; no continuous within-year persistence inferred
E1_zero_extend,怀柔区,2000.0,True,sampled year-end states; no continuous within-year persistence inferred
E1_zero_extend,房山区,2000.0,True,sampled year-end states; no continuous within-year persistence inferred
E1_zero_extend,昌平区,2000.0,True,sampled year-end states; no continuous within-year persistence inferred
E1_zero_extend,通州区,2000.0,True,sampled year-end states; no continuous within-year persistence inferred
E1_zero_extend,门头沟区,2017.0,False,sampled year-end states; no continuous within-year persistence inferred
E1_zero_extend,顺义区,,False,sampled year-end states; no continuous within-year persistence inferred
E1_zero_central_tail,大兴区,2000.0,True,sampled year-end states; no continuous within-year persistence inferred
E1_zero_central_tail,密云区,,False,sampled year-end states; no continuous within-year persistence inferred
E1_zero_central_tail,平谷区,,False,sampled year-end states; no continuous within-year persistence inferred
E1_zero_central_tail,延庆区,2000.0,True,sampled year-end states; no continuous within-year persistence inferred
E1_zero_central_tail,怀柔区,2000.0,True,sampled year-end states; no continuous within-year persistence inferred
E1_zero_central_tail,房山区,2000.0,True,sampled year-end states; no continuous within-year persistence inferred
E1_zero_central_tail,昌平区,2000.0,True,sampled year-end states; no continuous within-year persistence inferred
E1_zero_central_tail,通州区,2000.0,True,sampled year-end states; no continuous within-year persistence inferred
E1_zero_central_tail,门头沟区,2017.0,False,sampled year-end states; no continuous within-year persistence inferred
E1_zero_central_tail,顺义区,,False,sampled year-end states; no continuous within-year persistence inferred
E1_p03_extend,大兴区,2000.0,True,sampled year-end states; no continuous within-year persistence inferred
E1_p03_extend,密云区,,False,sampled year-end states; no continuous within-year persistence inferred
E1_p03_extend,平谷区,,False,sampled year-end states; no continuous within-year persistence inferred
E1_p03_extend,延庆区,2000.0,True,sampled year-end states; no continuous within-year persistence inferred
E1_p03_extend,怀柔区,2000.0,True,sampled year-end states; no continuous within-year persistence inferred
E1_p03_extend,房山区,2000.0,True,sampled year-end states; no continuous within-year persistence inferred
E1_p03_extend,昌平区,2000.0,True,sampled year-end states; no continuous within-year persistence inferred
E1_p03_extend,通州区,2000.0,True,sampled year-end states; no continuous within-year persistence inferred
E1_p03_extend,门头沟区,2017.0,False,sampled year-end states; no continuous within-year persistence inferred
E1_p03_extend,顺义区,,False,sampled year-end states; no continuous within-year persistence inferred
E1_p03_central_tail,大兴区,2000.0,True,sampled year-end states; no continuous within-year persistence inferred
E1_p03_central_tail,密云区,,False,sampled year-end states; no continuous within-year persistence inferred
E1_p03_central_tail,平谷区,,False,sampled year-end states; no continuous within-year persistence inferred
E1_p03_central_tail,延庆区,2000.0,True,sampled year-end states; no continuous within-year persistence inferred
E1_p03_central_tail,怀柔区,2000.0,True,sampled year-end states; no continuous within-year persistence inferred
E1_p03_central_tail,房山区,2000.0,True,sampled year-end states; no continuous within-year persistence inferred
E1_p03_central_tail,昌平区,2000.0,True,sampled year-end states; no continuous within-year persistence inferred
E1_p03_central_tail,通州区,2000.0,True,sampled year-end states; no continuous within-year persistence inferred
E1_p03_central_tail,门头沟区,2017.0,False,sampled year-end states; no continuous within-year persistence inferred
E1_p03_central_tail,顺义区,,False,sampled year-end states; no continuous within-year persistence inferred
E2_m03_extend,大兴区,2000.0,True,sampled year-end states; no continuous within-year persistence inferred
E2_m03_extend,密云区,,False,sampled year-end states; no continuous within-year persistence inferred
E2_m03_extend,平谷区,,False,sampled year-end states; no continuous within-year persistence inferred
E2_m03_extend,延庆区,2000.0,True,sampled year-end states; no continuous within-year persistence inferred
E2_m03_extend,怀柔区,2000.0,True,sampled year-end states; no continuous within-year persistence inferred
E2_m03_extend,房山区,2000.0,True,sampled year-end states; no continuous within-year persistence inferred
E2_m03_extend,昌平区,2000.0,True,sampled year-end states; no continuous within-year persistence inferred
E2_m03_extend,通州区,2000.0,True,sampled year-end states; no continuous within-year persistence inferred
E2_m03_extend,门头沟区,,False,sampled year-end states; no continuous within-year persistence inferred
E2_m03_extend,顺义区,,False,sampled year-end states; no continuous within-year persistence inferred
E2_m03_central_tail,大兴区,2000.0,True,sampled year-end states; no continuous within-year persistence inferred
E2_m03_central_tail,密云区,,False,sampled year-end states; no continuous within-year persistence inferred
E2_m03_central_tail,平谷区,,False,sampled year-end states; no continuous within-year persistence inferred
E2_m03_central_tail,延庆区,2000.0,True,sampled year-end states; no continuous within-year persistence inferred
E2_m03_central_tail,怀柔区,2000.0,True,sampled year-end states; no continuous within-year persistence inferred
E2_m03_central_tail,房山区,2000.0,True,sampled year-end states; no continuous within-year persistence inferred
E2_m03_central_tail,昌平区,2000.0,True,sampled year-end states; no continuous within-year persistence inferred
E2_m03_central_tail,通州区,2000.0,True,sampled year-end states; no continuous within-year persistence inferred
E2_m03_central_tail,门头沟区,2017.0,False,sampled year-end states; no continuous within-year persistence inferred
E2_m03_central_tail,顺义区,,False,sampled year-end states; no continuous within-year persistence inferred
E2_zero_extend,大兴区,2000.0,True,sampled year-end states; no continuous within-year persistence inferred
E2_zero_extend,密云区,,False,sampled year-end states; no continuous within-year persistence inferred
E2_zero_extend,平谷区,,False,sampled year-end states; no continuous within-year persistence inferred
E2_zero_extend,延庆区,2000.0,True,sampled year-end states; no continuous within-year persistence inferred
E2_zero_extend,怀柔区,2000.0,True,sampled year-end states; no continuous within-year persistence inferred
E2_zero_extend,房山区,2000.0,True,sampled year-end states; no continuous within-year persistence inferred
E2_zero_extend,昌平区,,False,sampled year-end states; no continuous within-year persistence inferred
E2_zero_extend,通州区,2000.0,True,sampled year-end states; no continuous within-year persistence inferred
E2_zero_extend,门头沟区,,False,sampled year-end states; no continuous within-year persistence inferred
E2_zero_extend,顺义区,,False,sampled year-end states; no continuous within-year persistence inferred
E2_zero_central_tail,大兴区,2000.0,True,sampled year-end states; no continuous within-year persistence inferred
E2_zero_central_tail,密云区,,False,sampled year-end states; no continuous within-year persistence inferred
E2_zero_central_tail,平谷区,,False,sampled year-end states; no continuous within-year persistence inferred
E2_zero_central_tail,延庆区,2000.0,True,sampled year-end states; no continuous within-year persistence inferred
E2_zero_central_tail,怀柔区,2000.0,True,sampled year-end states; no continuous within-year persistence inferred
E2_zero_central_tail,房山区,2000.0,True,sampled year-end states; no continuous within-year persistence inferred
E2_zero_central_tail,昌平区,2000.0,True,sampled year-end states; no continuous within-year persistence inferred
E2_zero_central_tail,通州区,2000.0,True,sampled year-end states; no continuous within-year persistence inferred
E2_zero_central_tail,门头沟区,2017.0,False,sampled year-end states; no continuous within-year persistence inferred
E2_zero_central_tail,顺义区,,False,sampled year-end states; no continuous within-year persistence inferred
E2_p03_extend,大兴区,2000.0,True,sampled year-end states; no continuous within-year persistence inferred
E2_p03_extend,密云区,,False,sampled year-end states; no continuous within-year persistence inferred
E2_p03_extend,平谷区,,False,sampled year-end states; no continuous within-year persistence inferred
E2_p03_extend,延庆区,2000.0,True,sampled year-end states; no continuous within-year persistence inferred
E2_p03_extend,怀柔区,2000.0,True,sampled year-end states; no continuous within-year persistence inferred
E2_p03_extend,房山区,2000.0,True,sampled year-end states; no continuous within-year persistence inferred
E2_p03_extend,昌平区,,False,sampled year-end states; no continuous within-year persistence inferred
E2_p03_extend,通州区,2000.0,True,sampled year-end states; no continuous within-year persistence inferred
E2_p03_extend,门头沟区,,False,sampled year-end states; no continuous within-year persistence inferred
E2_p03_extend,顺义区,,False,sampled year-end states; no continuous within-year persistence inferred
E2_p03_central_tail,大兴区,2000.0,True,sampled year-end states; no continuous within-year persistence inferred
E2_p03_central_tail,密云区,,False,sampled year-end states; no continuous within-year persistence inferred
E2_p03_central_tail,平谷区,,False,sampled year-end states; no continuous within-year persistence inferred
E2_p03_central_tail,延庆区,2000.0,True,sampled year-end states; no continuous within-year persistence inferred
E2_p03_central_tail,怀柔区,2000.0,True,sampled year-end states; no continuous within-year persistence inferred
E2_p03_central_tail,房山区,2000.0,True,sampled year-end states; no continuous within-year persistence inferred
E2_p03_central_tail,昌平区,2000.0,True,sampled year-end states; no continuous within-year persistence inferred
E2_p03_central_tail,通州区,2000.0,True,sampled year-end states; no continuous within-year persistence inferred
E2_p03_central_tail,门头沟区,2017.0,False,sampled year-end states; no continuous within-year persistence inferred
E2_p03_central_tail,顺义区,,False,sampled year-end states; no continuous within-year persistence inferred
E3_m03_extend,大兴区,2000.0,True,sampled year-end states; no continuous within-year persistence inferred
E3_m03_extend,密云区,,False,sampled year-end states; no continuous within-year persistence inferred
E3_m03_extend,平谷区,,False,sampled year-end states; no continuous within-year persistence inferred
E3_m03_extend,延庆区,2000.0,True,sampled year-end states; no continuous within-year persistence inferred
E3_m03_extend,怀柔区,2000.0,True,sampled year-end states; no continuous within-year persistence inferred
E3_m03_extend,房山区,2000.0,True,sampled year-end states; no continuous within-year persistence inferred
E3_m03_extend,昌平区,2000.0,True,sampled year-end states; no continuous within-year persistence inferred
E3_m03_extend,通州区,2000.0,True,sampled year-end states; no continuous within-year persistence inferred
E3_m03_extend,门头沟区,,False,sampled year-end states; no continuous within-year persistence inferred
E3_m03_extend,顺义区,,False,sampled year-end states; no continuous within-year persistence inferred
E3_m03_central_tail,大兴区,2000.0,True,sampled year-end states; no continuous within-year persistence inferred
E3_m03_central_tail,密云区,,False,sampled year-end states; no continuous within-year persistence inferred
E3_m03_central_tail,平谷区,,False,sampled year-end states; no continuous within-year persistence inferred
E3_m03_central_tail,延庆区,2000.0,True,sampled year-end states; no continuous within-year persistence inferred
E3_m03_central_tail,怀柔区,2000.0,True,sampled year-end states; no continuous within-year persistence inferred
E3_m03_central_tail,房山区,2000.0,True,sampled year-end states; no continuous within-year persistence inferred
E3_m03_central_tail,昌平区,2000.0,True,sampled year-end states; no continuous within-year persistence inferred
E3_m03_central_tail,通州区,2000.0,True,sampled year-end states; no continuous within-year persistence inferred
E3_m03_central_tail,门头沟区,2017.0,False,sampled year-end states; no continuous within-year persistence inferred
E3_m03_central_tail,顺义区,,False,sampled year-end states; no continuous within-year persistence inferred
E3_zero_extend,大兴区,2000.0,True,sampled year-end states; no continuous within-year persistence inferred
E3_zero_extend,密云区,,False,sampled year-end states; no continuous within-year persistence inferred
E3_zero_extend,平谷区,,False,sampled year-end states; no continuous within-year persistence inferred
E3_zero_extend,延庆区,2000.0,True,sampled year-end states; no continuous within-year persistence inferred
E3_zero_extend,怀柔区,2000.0,True,sampled year-end states; no continuous within-year persistence inferred
E3_zero_extend,房山区,2000.0,True,sampled year-end states; no continuous within-year persistence inferred
E3_zero_extend,昌平区,2000.0,True,sampled year-end states; no continuous within-year persistence inferred
E3_zero_extend,通州区,2000.0,True,sampled year-end states; no continuous within-year persistence inferred
E3_zero_extend,门头沟区,,False,sampled year-end states; no continuous within-year persistence inferred
E3_zero_extend,顺义区,,False,sampled year-end states; no continuous within-year persistence inferred
E3_zero_central_tail,大兴区,2000.0,True,sampled year-end states; no continuous within-year persistence inferred
E3_zero_central_tail,密云区,,False,sampled year-end states; no continuous within-year persistence inferred
E3_zero_central_tail,平谷区,,False,sampled year-end states; no continuous within-year persistence inferred
E3_zero_central_tail,延庆区,2000.0,True,sampled year-end states; no continuous within-year persistence inferred
E3_zero_central_tail,怀柔区,2000.0,True,sampled year-end states; no continuous within-year persistence inferred
E3_zero_central_tail,房山区,2000.0,True,sampled year-end states; no continuous within-year persistence inferred
E3_zero_central_tail,昌平区,2000.0,True,sampled year-end states; no continuous within-year persistence inferred
E3_zero_central_tail,通州区,2000.0,True,sampled year-end states; no continuous within-year persistence inferred
E3_zero_central_tail,门头沟区,2017.0,False,sampled year-end states; no continuous within-year persistence inferred
E3_zero_central_tail,顺义区,,False,sampled year-end states; no continuous within-year persistence inferred
E3_p03_extend,大兴区,2000.0,True,sampled year-end states; no continuous within-year persistence inferred
E3_p03_extend,密云区,,False,sampled year-end states; no continuous within-year persistence inferred
E3_p03_extend,平谷区,,False,sampled year-end states; no continuous within-year persistence inferred
E3_p03_extend,延庆区,2000.0,True,sampled year-end states; no continuous within-year persistence inferred
E3_p03_extend,怀柔区,2000.0,True,sampled year-end states; no continuous within-year persistence inferred
E3_p03_extend,房山区,2000.0,True,sampled year-end states; no continuous within-year persistence inferred
E3_p03_extend,昌平区,,False,sampled year-end states; no continuous within-year persistence inferred
E3_p03_extend,通州区,2000.0,True,sampled year-end states; no continuous within-year persistence inferred
E3_p03_extend,门头沟区,,False,sampled year-end states; no continuous within-year persistence inferred
E3_p03_extend,顺义区,,False,sampled year-end states; no continuous within-year persistence inferred
E3_p03_central_tail,大兴区,2000.0,True,sampled year-end states; no continuous within-year persistence inferred
E3_p03_central_tail,密云区,,False,sampled year-end states; no continuous within-year persistence inferred
E3_p03_central_tail,平谷区,,False,sampled year-end states; no continuous within-year persistence inferred
E3_p03_central_tail,延庆区,2000.0,True,sampled year-end states; no continuous within-year persistence inferred
E3_p03_central_tail,怀柔区,2000.0,True,sampled year-end states; no continuous within-year persistence inferred
E3_p03_central_tail,房山区,2000.0,True,sampled year-end states; no continuous within-year persistence inferred
E3_p03_central_tail,昌平区,2000.0,True,sampled year-end states; no continuous within-year persistence inferred
E3_p03_central_tail,通州区,2000.0,True,sampled year-end states; no continuous within-year persistence inferred
E3_p03_central_tail,门头沟区,2017.0,False,sampled year-end states; no continuous within-year persistence inferred
E3_p03_central_tail,顺义区,,False,sampled year-end states; no continuous within-year persistence inferred
E4_m03_extend,大兴区,2000.0,True,sampled year-end states; no continuous within-year persistence inferred
E4_m03_extend,密云区,,False,sampled year-end states; no continuous within-year persistence inferred
E4_m03_extend,平谷区,,False,sampled year-end states; no continuous within-year persistence inferred
E4_m03_extend,延庆区,2000.0,True,sampled year-end states; no continuous within-year persistence inferred
E4_m03_extend,怀柔区,2000.0,True,sampled year-end states; no continuous within-year persistence inferred
E4_m03_extend,房山区,2000.0,True,sampled year-end states; no continuous within-year persistence inferred
E4_m03_extend,昌平区,2000.0,True,sampled year-end states; no continuous within-year persistence inferred
E4_m03_extend,通州区,2000.0,True,sampled year-end states; no continuous within-year persistence inferred
E4_m03_extend,门头沟区,2000.0,True,sampled year-end states; no continuous within-year persistence inferred
E4_m03_extend,顺义区,,False,sampled year-end states; no continuous within-year persistence inferred
E4_m03_central_tail,大兴区,2000.0,True,sampled year-end states; no continuous within-year persistence inferred
E4_m03_central_tail,密云区,,False,sampled year-end states; no continuous within-year persistence inferred
E4_m03_central_tail,平谷区,,False,sampled year-end states; no continuous within-year persistence inferred
E4_m03_central_tail,延庆区,2000.0,True,sampled year-end states; no continuous within-year persistence inferred
E4_m03_central_tail,怀柔区,2000.0,True,sampled year-end states; no continuous within-year persistence inferred
E4_m03_central_tail,房山区,2000.0,True,sampled year-end states; no continuous within-year persistence inferred
E4_m03_central_tail,昌平区,2000.0,True,sampled year-end states; no continuous within-year persistence inferred
E4_m03_central_tail,通州区,2000.0,True,sampled year-end states; no continuous within-year persistence inferred
E4_m03_central_tail,门头沟区,2017.0,False,sampled year-end states; no continuous within-year persistence inferred
E4_m03_central_tail,顺义区,,False,sampled year-end states; no continuous within-year persistence inferred
E4_zero_extend,大兴区,2000.0,True,sampled year-end states; no continuous within-year persistence inferred
E4_zero_extend,密云区,,False,sampled year-end states; no continuous within-year persistence inferred
E4_zero_extend,平谷区,,False,sampled year-end states; no continuous within-year persistence inferred
E4_zero_extend,延庆区,2000.0,True,sampled year-end states; no continuous within-year persistence inferred
E4_zero_extend,怀柔区,2000.0,True,sampled year-end states; no continuous within-year persistence inferred
E4_zero_extend,房山区,2000.0,True,sampled year-end states; no continuous within-year persistence inferred
E4_zero_extend,昌平区,2000.0,True,sampled year-end states; no continuous within-year persistence inferred
E4_zero_extend,通州区,2000.0,True,sampled year-end states; no continuous within-year persistence inferred
E4_zero_extend,门头沟区,2006.0,False,sampled year-end states; no continuous within-year persistence inferred
E4_zero_extend,顺义区,,False,sampled year-end states; no continuous within-year persistence inferred
E4_zero_central_tail,大兴区,2000.0,True,sampled year-end states; no continuous within-year persistence inferred
E4_zero_central_tail,密云区,,False,sampled year-end states; no continuous within-year persistence inferred
E4_zero_central_tail,平谷区,,False,sampled year-end states; no continuous within-year persistence inferred
E4_zero_central_tail,延庆区,2000.0,True,sampled year-end states; no continuous within-year persistence inferred
E4_zero_central_tail,怀柔区,2000.0,True,sampled year-end states; no continuous within-year persistence inferred
E4_zero_central_tail,房山区,2000.0,True,sampled year-end states; no continuous within-year persistence inferred
E4_zero_central_tail,昌平区,2000.0,True,sampled year-end states; no continuous within-year persistence inferred
E4_zero_central_tail,通州区,2000.0,True,sampled year-end states; no continuous within-year persistence inferred
E4_zero_central_tail,门头沟区,2017.0,False,sampled year-end states; no continuous within-year persistence inferred
E4_zero_central_tail,顺义区,,False,sampled year-end states; no continuous within-year persistence inferred
E4_p03_extend,大兴区,2000.0,True,sampled year-end states; no continuous within-year persistence inferred
E4_p03_extend,密云区,,False,sampled year-end states; no continuous within-year persistence inferred
E4_p03_extend,平谷区,,False,sampled year-end states; no continuous within-year persistence inferred
E4_p03_extend,延庆区,2000.0,True,sampled year-end states; no continuous within-year persistence inferred
E4_p03_extend,怀柔区,2000.0,True,sampled year-end states; no continuous within-year persistence inferred
E4_p03_extend,房山区,2000.0,True,sampled year-end states; no continuous within-year persistence inferred
E4_p03_extend,昌平区,2000.0,True,sampled year-end states; no continuous within-year persistence inferred
E4_p03_extend,通州区,2000.0,True,sampled year-end states; no continuous within-year persistence inferred
E4_p03_extend,门头沟区,2006.0,False,sampled year-end states; no continuous within-year persistence inferred
E4_p03_extend,顺义区,,False,sampled year-end states; no continuous within-year persistence inferred
E4_p03_central_tail,大兴区,2000.0,True,sampled year-end states; no continuous within-year persistence inferred
E4_p03_central_tail,密云区,,False,sampled year-end states; no continuous within-year persistence inferred
E4_p03_central_tail,平谷区,,False,sampled year-end states; no continuous within-year persistence inferred
E4_p03_central_tail,延庆区,2000.0,True,sampled year-end states; no continuous within-year persistence inferred
E4_p03_central_tail,怀柔区,2000.0,True,sampled year-end states; no continuous within-year persistence inferred
E4_p03_central_tail,房山区,2000.0,True,sampled year-end states; no continuous within-year persistence inferred
E4_p03_central_tail,昌平区,2000.0,True,sampled year-end states; no continuous within-year persistence inferred
E4_p03_central_tail,通州区,2000.0,True,sampled year-end states; no continuous within-year persistence inferred
E4_p03_central_tail,门头沟区,2017.0,False,sampled year-end states; no continuous within-year persistence inferred
E4_p03_central_tail,顺义区,,False,sampled year-end states; no continuous within-year persistence inferred
