first_depth_m,increment_m,config_id,new_persistent_count,new_persistent_districts,six_month_class_changed_districts,six_month_class_changed_n,first_new_contact_changed_n,first_new_contact_changed_districts,max_abs_paired_first_new_shift_months,binary_contact_changed_months,mean_absolute_encounter_change_pp,max_absolute_encounter_change_pp,max_change_district,max_change_month,historical_mean_absolute_change_pp,historical_max_absolute_change_pp
3.0,3.25,grid_3.00_3.25,8,丰台区；大兴区；延庆区；怀柔区；房山区；海淀区；西城区；通州区,东城区；密云区；延庆区；房山区；昌平区；石景山区；通州区；门头沟区,8,12,东城区；丰台区；大兴区；密云区；延庆区；房山区；昌平区；海淀区；石景山区；西城区；通州区；门头沟区,55,187,6.823260016764459,81.7262,延庆区,2025-10,6.40109857142857,39.2446
3.0,3.5,grid_3.00_3.50,8,丰台区；大兴区；延庆区；怀柔区；房山区；昌平区；海淀区；西城区,东城区；密云区；延庆区；房山区；石景山区；门头沟区,6,12,东城区；丰台区；大兴区；密云区；延庆区；房山区；昌平区；海淀区；石景山区；西城区；通州区；门头沟区,46,142,6.101102933780387,81.7262,延庆区,2025-10,5.94750380952381,39.2446
3.0,3.75,grid_3.00_3.75,8,东城区；丰台区；大兴区；延庆区；怀柔区；昌平区；海淀区；西城区,密云区；延庆区；石景山区；门头沟区,4,11,东城区；丰台区；大兴区；密云区；延庆区；房山区；昌平区；海淀区；石景山区；西城区；门头沟区,35,105,5.4513872590108985,81.7262,延庆区,2025-10,5.585951904761903,39.2446
3.0,4.0,grid_3.00_4.00,8,东城区；丰台区；大兴区；延庆区；怀柔区；昌平区；海淀区；西城区,密云区；延庆区；石景山区；门头沟区,4,11,东城区；丰台区；大兴区；密云区；延庆区；房山区；昌平区；海淀区；石景山区；西城区；门头沟区,23,87,4.793226571668064,81.7262,延庆区,2025-10,4.954917142857142,39.2446
3.0,4.25,grid_3.00_4.25,8,东城区；丰台区；大兴区；怀柔区；昌平区；海淀区；西城区；门头沟区,密云区；石景山区,2,9,东城区；丰台区；大兴区；密云区；昌平区；海淀区；石景山区；西城区；门头沟区,20,52,3.9832947191953063,81.7262,延庆区,2025-10,4.37379380952381,39.2446
3.0,4.5,grid_3.00_4.50,8,东城区；丰台区；大兴区；怀柔区；昌平区；海淀区；西城区；门头沟区,密云区；石景山区,2,8,东城区；丰台区；大兴区；密云区；昌平区；海淀区；西城区；门头沟区,11,31,3.3452124895222126,81.7262,延庆区,2025-10,3.1742857142857144,39.2446
3.0,4.75,grid_3.00_4.75,9,东城区；丰台区；大兴区；怀柔区；昌平区；海淀区；石景山区；西城区；门头沟区,密云区,1,4,东城区；丰台区；密云区；昌平区,1,7,2.410235792120704,81.7262,延庆区,2025-10,2.4345138095238092,39.2446
3.0,5.0,grid_3.00_5.00,9,东城区；丰台区；大兴区；怀柔区；昌平区；海淀区；石景山区；西城区；门头沟区,,0,7,东城区；丰台区；大兴区；昌平区；海淀区；石景山区；西城区,8,38,1.5057435875943002,81.7262,延庆区,2025-10,2.026352857142857,39.2446
3.0,5.25,grid_3.00_5.25,8,东城区；丰台区；怀柔区；昌平区；海淀区；石景山区；西城区；门头沟区,大兴区；平谷区,2,10,东城区；丰台区；大兴区；密云区；平谷区；怀柔区；昌平区；海淀区；石景山区；西城区,8,64,1.452362615255658,81.7262,延庆区,2025-10,1.4515923809523807,39.2446
3.0,5.5,grid_3.00_5.50,8,东城区；丰台区；怀柔区；昌平区；海淀区；石景山区；西城区；门头沟区,大兴区；密云区；平谷区；朝阳区,4,12,东城区；丰台区；大兴区；密云区；平谷区；怀柔区；昌平区；朝阳区；海淀区；石景山区；西城区；门头沟区,14,96,1.5262792114689026,81.7262,延庆区,2025-10,1.04377,39.2446
3.25,3.25,grid_3.25_3.25,8,丰台区；大兴区；延庆区；怀柔区；房山区；海淀区；西城区；通州区,东城区；密云区；延庆区；房山区；昌平区；石景山区；通州区；门头沟区,8,12,东城区；丰台区；大兴区；密云区；延庆区；房山区；昌平区；海淀区；石景山区；西城区；通州区；门头沟区,48,168,6.189216596814753,81.7262,延庆区,2025-10,5.9814323809523815,39.2446
3.25,3.5,grid_3.25_3.50,8,丰台区；大兴区；延庆区；怀柔区；房山区；昌平区；海淀区；西城区,东城区；密云区；延庆区；房山区；石景山区；门头沟区,6,12,东城区；丰台区；大兴区；密云区；延庆区；房山区；昌平区；海淀区；石景山区；西城区；通州区；门头沟区,46,126,5.537412238055324,81.7262,延庆区,2025-10,5.719060952380953,39.2446
3.25,3.75,grid_3.25_3.75,8,东城区；丰台区；大兴区；延庆区；怀柔区；昌平区；海淀区；西城区,密云区；延庆区；石景山区；门头沟区,4,11,东城区；丰台区；大兴区；密云区；延庆区；房山区；昌平区；海淀区；石景山区；西城区；门头沟区,34,97,4.844232103939648,81.7262,延庆区,2025-10,4.959675714285714,39.2446
3.25,4.0,grid_3.25_4.00,8,东城区；丰台区；大兴区；延庆区；怀柔区；昌平区；海淀区；西城区,密云区；延庆区；石景山区；门头沟区,4,10,东城区；丰台区；大兴区；密云区；延庆区；昌平区；海淀区；石景山区；西城区；门头沟区,23,77,4.110264962279967,81.7262,延庆区,2025-10,4.420736666666666,39.2446
3.25,4.25,grid_3.25_4.25,8,东城区；丰台区；大兴区；怀柔区；昌平区；海淀区；西城区；门头沟区,密云区；石景山区,2,9,东城区；丰台区；大兴区；密云区；昌平区；海淀区；石景山区；西城区；门头沟区,20,47,3.455419279128248,81.7262,延庆区,2025-10,3.2681714285714287,39.2446
3.25,4.5,grid_3.25_4.50,9,东城区；丰台区；大兴区；怀柔区；昌平区；海淀区；石景山区；西城区；门头沟区,密云区,1,7,东城区；丰台区；大兴区；密云区；昌平区；海淀区；西城区,5,16,2.4893236378876775,81.7262,延庆区,2025-10,2.4498338095238092,39.2446
3.25,4.75,grid_3.25_4.75,9,东城区；丰台区；大兴区；怀柔区；昌平区；海淀区；石景山区；西城区；门头沟区,,0,6,东城区；丰台区；大兴区；昌平区；海淀区；西城区,5,20,1.6100748533109805,81.7262,延庆区,2025-10,1.9930428571428571,39.2446
3.25,5.0,grid_3.25_5.00,9,东城区；丰台区；大兴区；怀柔区；昌平区；海淀区；石景山区；西城区；门头沟区,平谷区,1,9,东城区；丰台区；大兴区；平谷区；怀柔区；昌平区；海淀区；石景山区；西城区,8,47,1.3358357082984071,81.7262,延庆区,2025-10,1.44146,39.2446
3.25,5.25,grid_3.25_5.25,8,东城区；丰台区；怀柔区；昌平区；海淀区；石景山区；西城区；门头沟区,大兴区；密云区；平谷区,3,11,东城区；丰台区；大兴区；密云区；平谷区；怀柔区；昌平区；海淀区；石景山区；西城区；门头沟区,12,81,1.3774646269907795,81.7262,延庆区,2025-10,0.9803714285714286,39.2446
3.25,5.5,grid_3.25_5.50,8,东城区；丰台区；怀柔区；昌平区；海淀区；石景山区；西城区；门头沟区,大兴区；密云区；平谷区；朝阳区,4,12,东城区；丰台区；大兴区；密云区；平谷区；怀柔区；昌平区；朝阳区；海淀区；石景山区；西城区；门头沟区,14,100,1.266092790680973,81.7262,延庆区,2025-10,0.7384423809523809,39.2446
3.5,3.25,grid_3.50_3.25,7,丰台区；大兴区；延庆区；怀柔区；房山区；海淀区；西城区,东城区；密云区；延庆区；房山区；昌平区；石景山区；门头沟区,7,12,东城区；丰台区；大兴区；密云区；延庆区；房山区；昌平区；海淀区；石景山区；西城区；通州区；门头沟区,47,149,5.6131668063704945,81.7262,延庆区,2025-10,5.76600380952381,39.2446
3.5,3.5,grid_3.50_3.50,8,东城区；丰台区；大兴区；延庆区；怀柔区；昌平区；海淀区；西城区,密云区；延庆区；石景山区；门头沟区,4,11,东城区；丰台区；大兴区；密云区；延庆区；房山区；昌平区；海淀区；石景山区；西城区；门头沟区,36,111,4.89141207041073,81.7262,延庆区,2025-10,5.053561428571428,39.2446
3.5,3.75,grid_3.50_3.75,8,东城区；丰台区；大兴区；延庆区；怀柔区；昌平区；海淀区；西城区,密云区；延庆区；石景山区；门头沟区,4,11,东城区；丰台区；大兴区；密云区；延庆区；房山区；昌平区；海淀区；石景山区；西城区；门头沟区,34,91,4.190831014249791,81.7262,延庆区,2025-10,4.519380952380953,39.2446
3.5,4.0,grid_3.50_4.00,8,东城区；丰台区；大兴区；怀柔区；昌平区；海淀区；西城区；门头沟区,密云区；石景山区,2,9,东城区；丰台区；大兴区；密云区；昌平区；海淀区；石景山区；西城区；门头沟区,21,60,3.6155536462699076,81.7262,延庆区,2025-10,3.466293809523809,39.2446
3.5,4.25,grid_3.50_4.25,8,东城区；丰台区；大兴区；怀柔区；昌平区；海淀区；西城区；门头沟区,密云区；石景山区,2,8,东城区；丰台区；大兴区；密云区；昌平区；海淀区；西城区；门头沟区,19,40,2.6691113998323552,81.7262,延庆区,2025-10,2.4603952380952374,39.2446
3.5,4.5,grid_3.50_4.50,9,东城区；丰台区；大兴区；怀柔区；昌平区；海淀区；石景山区；西城区；门头沟区,密云区,1,1,密云区,0,2,1.6829957250628667,81.7262,延庆区,2025-10,2.0715138095238093,39.2446
3.5,4.75,grid_3.50_4.75,9,东城区；丰台区；大兴区；怀柔区；昌平区；海淀区；石景山区；西城区；门头沟区,,0,7,东城区；丰台区；大兴区；昌平区；海淀区；石景山区；西城区,7,30,1.180563118189438,81.7262,延庆区,2025-10,1.3712480952380952,39.2446
3.5,5.0,grid_3.50_5.00,9,东城区；丰台区；大兴区；怀柔区；昌平区；海淀区；石景山区；西城区；门头沟区,平谷区,1,10,东城区；丰台区；大兴区；密云区；平谷区；怀柔区；昌平区；海淀区；石景山区；西城区,8,60,1.214918357082984,81.7262,延庆区,2025-10,0.9460171428571428,39.2446
3.5,5.25,grid_3.50_5.25,8,东城区；丰台区；怀柔区；昌平区；海淀区；石景山区；西城区；门头沟区,大兴区；密云区；平谷区；朝阳区,4,12,东城区；丰台区；大兴区；密云区；平谷区；怀柔区；昌平区；朝阳区；海淀区；石景山区；西城区；门头沟区,13,92,1.1931591781404867,81.7262,延庆区,2025-10,0.67642,39.2446
3.5,5.5,grid_3.50_5.50,8,东城区；丰台区；怀柔区；昌平区；海淀区；石景山区；西城区；门头沟区,大兴区；密云区；平谷区；朝阳区,4,12,东城区；丰台区；大兴区；密云区；平谷区；怀柔区；昌平区；朝阳区；海淀区；石景山区；西城区；门头沟区,15,106,1.1848761100439236,81.7262,延庆区,2025-10,0.27346333333333334,7.7494
3.75,3.25,grid_3.75_3.25,8,丰台区；大兴区；延庆区；怀柔区；房山区；昌平区；海淀区；西城区,东城区；密云区；延庆区；房山区；石景山区；门头沟区,6,12,东城区；丰台区；大兴区；密云区；延庆区；房山区；昌平区；海淀区；石景山区；西城区；通州区；门头沟区,46,136,4.988857753562447,81.7262,延庆区,2025-10,5.186670476190477,39.2446
3.75,3.5,grid_3.75_3.50,8,东城区；丰台区；大兴区；延庆区；怀柔区；昌平区；海淀区；西城区,密云区；延庆区；石景山区；门头沟区,4,11,东城区；丰台区；大兴区；密云区；延庆区；房山区；昌平区；海淀区；石景山区；西城区；门头沟区,35,104,4.249115758591786,81.7262,延庆区,2025-10,4.519380952380953,39.2446
3.75,3.75,grid_3.75_3.75,8,东城区；丰台区；大兴区；延庆区；怀柔区；昌平区；海淀区；西城区,密云区；延庆区；石景山区；门头沟区,4,10,东城区；丰台区；大兴区；密云区；延庆区；昌平区；海淀区；石景山区；西城区；门头沟区,23,85,3.7493299245599334,81.7262,延庆区,2025-10,3.5132366666666663,39.2446
3.75,4.0,grid_3.75_4.00,8,东城区；丰台区；大兴区；怀柔区；昌平区；海淀区；西城区；门头沟区,密云区；石景山区,2,9,东城区；丰台区；大兴区；密云区；昌平区；海淀区；石景山区；西城区；门头沟区,20,52,2.7686223805532264,81.7262,延庆区,2025-10,2.5596547619047616,39.2446
3.75,4.25,grid_3.75_4.25,8,东城区；丰台区；大兴区；怀柔区；昌平区；海淀区；西城区；门头沟区,密云区；石景山区,2,8,东城区；丰台区；大兴区；密云区；昌平区；海淀区；西城区；门头沟区,11,31,1.8110845766974015,81.7262,延庆区,2025-10,2.097395238095238,39.2446
3.75,4.5,grid_3.75_4.50,9,东城区；丰台区；大兴区；怀柔区；昌平区；海淀区；石景山区；西城区；门头沟区,,0,3,东城区；丰台区；昌平区,1,6,1.2766810561609385,81.7262,延庆区,2025-10,1.3658742857142858,39.2446
3.75,4.75,grid_3.75_4.75,9,东城区；丰台区；大兴区；怀柔区；昌平区；海淀区；石景山区；西城区；门头沟区,平谷区,1,9,东城区；丰台区；大兴区；平谷区；怀柔区；昌平区；海淀区；石景山区；西城区,8,42,1.1045813914501257,81.7262,延庆区,2025-10,0.9454019047619047,39.2446
3.75,5.0,grid_3.75_5.00,8,东城区；丰台区；怀柔区；昌平区；海淀区；石景山区；西城区；门头沟区,大兴区；密云区；平谷区,3,10,东城区；丰台区；大兴区；密云区；平谷区；怀柔区；昌平区；海淀区；石景山区；西城区,8,65,1.007429002514669,81.7262,延庆区,2025-10,0.6140657142857143,39.2446
3.75,5.25,grid_3.75_5.25,8,东城区；丰台区；怀柔区；昌平区；海淀区；石景山区；西城区；门头沟区,大兴区；密云区；平谷区；朝阳区,4,12,东城区；丰台区；大兴区；密云区；平谷区；怀柔区；昌平区；朝阳区；海淀区；石景山区；西城区；门头沟区,14,96,1.1032614411419954,81.7262,延庆区,2025-10,0.18897190476190476,7.7494
3.75,5.5,grid_3.75_5.50,8,东城区；丰台区；怀柔区；昌平区；海淀区；石景山区；西城区；门头沟区,大兴区；密云区；平谷区；朝阳区；顺义区,5,13,东城区；丰台区；大兴区；密云区；平谷区；怀柔区；昌平区；朝阳区；海淀区；石景山区；西城区；门头沟区；顺义区,17,119,1.4650251458870085,81.7262,延庆区,2025-10,0.4386142857142857,16.2319
4.0,3.25,grid_4.00_3.25,7,丰台区；大兴区；延庆区；怀柔区；昌平区；海淀区；西城区,东城区；密云区；延庆区；石景山区；门头沟区,5,11,东城区；丰台区；大兴区；密云区；延庆区；房山区；昌平区；海淀区；石景山区；西城区；门头沟区,46,122,4.3070826487845775,81.7262,延庆区,2025-10,4.618025238095239,39.2446
4.0,3.5,grid_4.00_3.50,8,东城区；丰台区；大兴区；延庆区；怀柔区；昌平区；海淀区；西城区,密云区；延庆区；石景山区；门头沟区,4,11,东城区；丰台区；大兴区；密云区；延庆区；房山区；昌平区；海淀区；石景山区；西城区；门头沟区,34,97,3.820393210393965,81.7262,延庆区,2025-10,3.6118809523809525,39.2446
4.0,3.75,grid_4.00_3.75,7,东城区；丰台区；大兴区；怀柔区；昌平区；海淀区；西城区,密云区；石景山区；门头沟区,3,9,东城区；丰台区；大兴区；密云区；昌平区；海淀区；石景山区；西城区；门头沟区,23,76,2.9751810561609386,81.7262,延庆区,2025-10,2.752403333333333,39.2446
4.0,4.0,grid_4.00_4.00,8,东城区；丰台区；大兴区；怀柔区；昌平区；海淀区；西城区；门头沟区,密云区；石景山区,2,9,东城区；丰台区；大兴区；密云区；昌平区；海淀区；石景山区；西城区；门头沟区,20,47,1.9679942162615254,81.7262,延庆区,2025-10,2.097395238095238,39.2446
4.0,4.25,grid_4.00_4.25,9,东城区；丰台区；大兴区；怀柔区；昌平区；海淀区；石景山区；西城区；门头沟区,密云区,1,7,东城区；丰台区；大兴区；密云区；昌平区；海淀区；西城区,5,16,1.4084326906957247,81.7262,延庆区,2025-10,1.4650390476190478,39.2446
4.0,4.5,grid_4.00_4.50,9,东城区；丰台区；大兴区；怀柔区；昌平区；海淀区；石景山区；西城区；门头沟区,,0,6,东城区；丰台区；大兴区；昌平区；海淀区；西城区,5,19,0.9349394803017602,81.7262,延庆区,2025-10,0.87519,39.2446
4.0,4.75,grid_4.00_4.75,9,东城区；丰台区；大兴区；怀柔区；昌平区；海淀区；石景山区；西城区；门头沟区,平谷区,1,10,东城区；丰台区；大兴区；密云区；平谷区；怀柔区；昌平区；海淀区；石景山区；西城区,8,50,0.8699227996647108,81.7262,延庆区,2025-10,0.6039333333333333,39.2446
4.0,5.0,grid_4.00_5.00,8,东城区；丰台区；怀柔区；昌平区；海淀区；石景山区；西城区；门头沟区,大兴区；密云区；平谷区,3,11,东城区；丰台区；大兴区；密云区；平谷区；怀柔区；昌平区；海淀区；石景山区；西城区；门头沟区,12,81,1.0170427493713328,81.7262,延庆区,2025-10,0.14745714285714287,7.7494
4.0,5.25,grid_4.00_5.25,8,东城区；丰台区；怀柔区；昌平区；海淀区；石景山区；西城区；门头沟区,大兴区；密云区；平谷区；朝阳区,4,12,东城区；丰台区；大兴区；密云区；平谷区；怀柔区；昌平区；朝阳区；海淀区；石景山区；西城区；门头沟区,14,102,1.367183486406036,81.7262,延庆区,2025-10,0.3646842857142857,16.2319
4.0,5.5,grid_4.00_5.50,8,东城区；丰台区；怀柔区；昌平区；海淀区；石景山区；西城区；门头沟区,大兴区；密云区；平谷区；朝阳区；顺义区,5,13,东城区；丰台区；大兴区；密云区；平谷区；怀柔区；昌平区；朝阳区；海淀区；石景山区；西城区；门头沟区；顺义区,46,126,1.7124606865408225,81.7262,延庆区,2025-10,0.9048409523809524,39.2446
4.25,3.25,grid_4.25_3.25,8,东城区；丰台区；大兴区；延庆区；怀柔区；昌平区；海淀区；西城区,密云区；延庆区；石景山区；门头沟区,4,11,东城区；丰台区；大兴区；密云区；延庆区；房山区；昌平区；海淀区；石景山区；西城区；门头沟区,36,110,3.87267309304275,81.7262,延庆区,2025-10,3.6118809523809525,39.2446
4.25,3.5,grid_4.25_3.50,8,东城区；丰台区；大兴区；延庆区；怀柔区；昌平区；海淀区；西城区,密云区；延庆区；石景山区；门头沟区,4,10,东城区；丰台区；大兴区；密云区；延庆区；昌平区；海淀区；石景山区；西城区；门头沟区,34,89,3.053346521374685,81.7262,延庆区,2025-10,2.8041047619047617,39.2446
4.25,3.75,grid_4.25_3.75,8,东城区；丰台区；大兴区；怀柔区；昌平区；海淀区；西城区；门头沟区,密云区；石景山区,2,9,东城区；丰台区；大兴区；密云区；昌平区；海淀区；石景山区；西城区；门头沟区,21,60,2.069101927912825,81.7262,延庆区,2025-10,2.1966547619047616,39.2446
4.25,4.0,grid_4.25_4.00,8,东城区；丰台区；大兴区；怀柔区；昌平区；海淀区；西城区；门头沟区,密云区；石景山区,2,8,东城区；丰台区；大兴区；密云区；昌平区；海淀区；西城区；门头沟区,19,40,1.531947611064543,81.7262,延庆区,2025-10,1.4756004761904762,39.2446
4.25,4.25,grid_4.25_4.25,9,东城区；丰台区；大兴区；怀柔区；昌平区；海淀区；石景山区；西城区；门头沟区,,0,0,,0,1,1.039357334450964,81.7262,延庆区,2025-10,0.8698161904761905,39.2446
4.25,4.5,grid_4.25_4.50,9,东城区；丰台区；大兴区；怀柔区；昌平区；海淀区；石景山区；西城区；门头沟区,平谷区,1,9,东城区；丰台区；大兴区；平谷区；怀柔区；昌平区；海淀区；石景山区；西城区,7,34,0.7619544006705783,81.7262,延庆区,2025-10,0.5706233333333334,39.2446
4.25,4.75,grid_4.25_4.75,9,东城区；丰台区；大兴区；怀柔区；昌平区；海淀区；石景山区；西城区；门头沟区,密云区；平谷区,2,10,东城区；丰台区；大兴区；密云区；平谷区；怀柔区；昌平区；海淀区；石景山区；西城区,8,61,0.8420404861693211,81.7262,延庆区,2025-10,0.07620095238095238,7.7494
4.25,5.0,grid_4.25_5.00,8,东城区；丰台区；怀柔区；昌平区；海淀区；石景山区；西城区；门头沟区,大兴区；密云区；平谷区；朝阳区,4,12,东城区；丰台区；大兴区；密云区；平谷区；怀柔区；昌平区；朝阳区；海淀区；石景山区；西城区；门头沟区,13,92,1.2821034363131605,81.7262,延庆区,2025-10,0.3176800000000001,16.2319
4.25,5.25,grid_4.25_5.25,8,东城区；丰台区；怀柔区；昌平区；海淀区；石景山区；西城区；门头沟区,大兴区；密云区；平谷区；朝阳区；顺义区,5,13,东城区；丰台区；大兴区；密云区；平谷区；怀柔区；昌平区；朝阳区；海淀区；石景山区；西城区；门头沟区；顺义区,15,108,1.6305894377891035,81.7262,延庆区,2025-10,0.8468161904761904,39.2446
4.25,5.5,grid_4.25_5.50,8,东城区；丰台区；怀柔区；昌平区；海淀区；石景山区；西城区；门头沟区,大兴区；密云区；平谷区；朝阳区；顺义区,5,13,东城区；丰台区；大兴区；密云区；平谷区；怀柔区；昌平区；朝阳区；海淀区；石景山区；西城区；门头沟区；顺义区,46,141,2.0466461850829853,81.7262,延庆区,2025-10,1.1795761904761906,39.2446
4.5,3.25,grid_4.50_3.25,8,东城区；丰台区；大兴区；延庆区；怀柔区；昌平区；海淀区；西城区,密云区；延庆区；石景山区；门头沟区,4,11,东城区；丰台区；大兴区；密云区；延庆区；房山区；昌平区；海淀区；石景山区；西城区；门头沟区,35,104,2.994679463537301,81.7262,延庆区,2025-10,2.8979904761904764,39.2446
4.5,3.5,grid_4.50_3.50,7,东城区；丰台区；大兴区；怀柔区；昌平区；海淀区；西城区,密云区；石景山区；门头沟区,3,9,东城区；丰台区；大兴区；密云区；昌平区；海淀区；石景山区；西城区；门头沟区,23,84,2.145457082984074,81.7262,延庆区,2025-10,2.389403333333333,39.2446
4.5,3.75,grid_4.50_3.75,8,东城区；丰台区；大兴区；怀柔区；昌平区；海淀区；西城区；门头沟区,密云区；石景山区,2,9,东城区；丰台区；大兴区；密云区；昌平区；海淀区；石景山区；西城区；门头沟区,20,52,1.5411518860016766,81.7262,延庆区,2025-10,1.4809742857142858,39.2446
4.5,4.0,grid_4.50_4.00,8,东城区；丰台区；大兴区；怀柔区；昌平区；海淀区；西城区；门头沟区,密云区；石景山区,2,8,东城区；丰台区；大兴区；密云区；昌平区；海淀区；西城区；门头沟区,11,31,1.0831004191114837,81.7262,延庆区,2025-10,0.9795423809523812,39.2446
4.5,4.25,grid_4.50_4.25,9,东城区；丰台区；大兴区；怀柔区；昌平区；海淀区；石景山区；西城区；门头沟区,,0,3,东城区；丰台区；昌平区,1,5,0.44708960603520537,81.7262,延庆区,2025-10,0.528347619047619,39.2446
4.5,4.5,grid_4.50_4.50,9,东城区；丰台区；大兴区；怀柔区；昌平区；海淀区；石景山区；西城区；门头沟区,平谷区,1,10,东城区；丰台区；大兴区；密云区；平谷区；怀柔区；昌平区；海淀区；石景山区；西城区,8,45,0.5737146689019279,81.7262,延庆区,2025-10,0.07558571428571427,7.7494
4.5,4.75,grid_4.50_4.75,8,东城区；丰台区；怀柔区；昌平区；海淀区；石景山区；西城区；门头沟区,大兴区；密云区；平谷区,3,10,东城区；丰台区；大兴区；密云区；平谷区；怀柔区；昌平区；海淀区；石景山区；西城区,8,65,1.0219595976529756,81.7262,延庆区,2025-10,0.2772095238095238,16.2319
4.5,5.0,grid_4.50_5.00,8,东城区；丰台区；怀柔区；昌平区；海淀区；石景山区；西城区；门头沟区,大兴区；密云区；平谷区；朝阳区,4,12,东城区；丰台区；大兴区；密云区；平谷区；怀柔区；昌平区；朝阳区；海淀区；石景山区；西城区；门头沟区,14,98,1.4100983229525572,81.7262,延庆区,2025-10,0.7623247619047618,39.2446
4.5,5.25,grid_4.50_5.25,8,东城区；丰台区；怀柔区；昌平区；海淀区；石景山区；西城区；门头沟区,大兴区；密云区；平谷区；朝阳区；顺义区,5,13,东城区；丰台区；大兴区；密云区；平谷区；怀柔区；昌平区；朝阳区；海淀区；石景山区；西城区；门头沟区；顺义区,46,123,1.7831492867084666,81.7262,延庆区,2025-10,1.1584533333333333,39.2446
4.5,5.5,grid_4.50_5.50,8,东城区；丰台区；怀柔区；昌平区；海淀区；石景山区；西城区；门头沟区,大兴区；密云区；平谷区；朝阳区；顺义区,5,13,东城区；丰台区；大兴区；密云区；平谷区；怀柔区；昌平区；朝阳区；海淀区；石景山区；西城区；门头沟区；顺义区,46,148,2.366932522048618,81.7262,延庆区,2025-10,1.4114604761904763,39.2446
4.75,3.25,grid_4.75_3.25,8,东城区；丰台区；大兴区；延庆区；怀柔区；昌平区；海淀区；西城区,密云区；延庆区；石景山区；门头沟区,4,10,东城区；丰台区；大兴区；密云区；延庆区；昌平区；海淀区；石景山区；西城区；门头沟区,34,95,2.1029516345347865,50.897400000000005,房山区,2025-08,2.4411047619047617,39.2446
4.75,3.5,grid_4.75_3.50,7,东城区；丰台区；大兴区；怀柔区；昌平区；海淀区；西城区,密云区；石景山区；门头沟区,3,9,东城区；丰台区；大兴区；密云区；昌平区；海淀区；石景山区；西城区；门头沟区,23,76,1.5775157585917858,50.897400000000005,房山区,2025-08,1.5748599999999997,39.2446
4.75,3.75,grid_4.75_3.75,8,东城区；丰台区；大兴区；怀柔区；昌平区；海淀区；西城区；门头沟区,密云区；石景山区,2,9,东城区；丰台区；大兴区；密云区；昌平区；海淀区；石景山区；西城区；门头沟区,20,47,1.0725690695725063,50.897400000000005,房山区,2025-08,0.9795423809523812,39.2446
4.75,4.0,grid_4.75_4.00,9,东城区；丰台区；大兴区；怀柔区；昌平区；海淀区；石景山区；西城区；门头沟区,,0,6,东城区；丰台区；大兴区；昌平区；海淀区；西城区,5,15,0.49917007544006714,50.897400000000005,房山区,2025-08,0.543667619047619,39.2446
4.75,4.25,grid_4.75_4.25,9,东城区；丰台区；大兴区；怀柔区；昌平区；海淀区；石景山区；西城区；门头沟区,平谷区,1,8,东城区；丰台区；大兴区；平谷区；怀柔区；昌平区；海淀区；西城区,5,23,0.3402088013411567,50.897400000000005,房山区,2025-08,0.042275714285714285,7.7494
4.75,4.5,grid_4.75_4.50,9,东城区；丰台区；大兴区；怀柔区；昌平区；海淀区；石景山区；西城区；门头沟区,密云区；平谷区,2,10,东城区；丰台区；大兴区；密云区；平谷区；怀柔区；昌平区；海淀区；石景山区；西城区,8,51,0.7608292539815592,50.897400000000005,房山区,2025-08,0.2301752380952381,16.2319
4.75,4.75,grid_4.75_4.75,8,东城区；丰台区；怀柔区；昌平区；海淀区；石景山区；西城区；门头沟区,大兴区；密云区；平谷区,3,11,东城区；丰台区；大兴区；密云区；平谷区；怀柔区；昌平区；海淀区；石景山区；西城区；门头沟区,12,81,1.2005650461022632,50.897400000000005,房山区,2025-08,0.7358280952380952,39.2446
4.75,5.0,grid_4.75_5.00,8,东城区；丰台区；怀柔区；昌平区；海淀区；石景山区；西城区；门头沟区,大兴区；密云区；平谷区；朝阳区；顺义区,5,13,东城区；丰台区；大兴区；密云区；平谷区；怀柔区；昌平区；朝阳区；海淀区；石景山区；西城区；门头沟区；顺义区,14,104,1.5918294210246444,50.897400000000005,房山区,2025-08,1.0476214285714285,39.2446
4.75,5.25,grid_4.75_5.25,8,东城区；丰台区；怀柔区；昌平区；海淀区；石景山区；西城区；门头沟区,大兴区；密云区；平谷区；朝阳区；顺义区,5,13,东城区；丰台区；大兴区；密云区；平谷区；怀柔区；昌平区；朝阳区；海淀区；石景山区；西城区；门头沟区；顺义区,46,131,2.029689437588601,50.897400000000005,房山区,2025-08,1.4008990476190475,39.2446
4.75,5.5,grid_4.75_5.50,8,东城区；丰台区；怀柔区；昌平区；海淀区；石景山区；西城区；门头沟区,大兴区；密云区；平谷区；朝阳区；顺义区,5,13,东城区；丰台区；大兴区；密云区；平谷区；怀柔区；昌平区；朝阳区；海淀区；石景山区；西城区；门头沟区；顺义区,47,160,2.595637719031015,50.897400000000005,房山区,2025-08,1.598954761904762,39.2446
5.0,3.25,grid_5.00_3.25,7,东城区；丰台区；大兴区；怀柔区；昌平区；海淀区；西城区,密云区；石景山区；门头沟区,3,9,东城区；丰台区；大兴区；密云区；昌平区；海淀区；石景山区；西城区；门头沟区,34,88,1.5646161777032694,39.2446,房山区,2020-11,1.7723671428571428,39.2446
5.0,3.5,grid_5.00_3.50,8,东城区；丰台区；大兴区；怀柔区；昌平区；海淀区；西城区；门头沟区,密云区；石景山区,2,9,东城区；丰台区；大兴区；密云区；昌平区；海淀区；石景山区；西城区；门头沟区,21,60,1.0497261525565798,39.2446,房山区,2020-11,0.9849161904761905,39.2446
5.0,3.75,grid_5.00_3.75,8,东城区；丰台区；大兴区；怀柔区；昌平区；海淀区；西城区；门头沟区,密云区；石景山区,2,8,东城区；丰台区；大兴区；密云区；昌平区；海淀区；西城区；门头沟区,19,40,0.5046953059513831,39.2446,房山区,2020-11,0.6380738095238097,39.2446
5.0,4.0,grid_5.00_4.00,9,东城区；丰台区；大兴区；怀柔区；昌平区；海淀区；石景山区；西城区；门头沟区,,0,0,,0,0,0.0,0.0,东城区,2020-08,0.0,0.0
5.0,4.25,grid_5.00_4.25,9,东城区；丰台区；大兴区；怀柔区；昌平区；海淀区；石景山区；西城区；门头沟区,平谷区,1,10,东城区；丰台区；大兴区；密云区；平谷区；怀柔区；昌平区；海淀区；石景山区；西城区,7,37,0.46122808046940483,39.2446,房山区,2021-04,0.19686523809523807,16.2319
5.0,4.5,grid_5.00_4.50,9,东城区；丰台区；大兴区；怀柔区；昌平区；海淀区；石景山区；西城区；门头沟区,密云区；平谷区,2,10,东城区；丰台区；大兴区；密云区；平谷区；怀柔区；昌平区；海淀区；石景山区；西城区,8,61,0.9175051969823975,39.2446,房山区,2020-08,0.6864557142857143,39.2446
5.0,4.75,grid_5.00_4.75,8,东城区；丰台区；怀柔区；昌平区；海淀区；石景山区；西城区；门头沟区,大兴区；密云区；平谷区；朝阳区,4,12,东城区；丰台区；大兴区；密云区；平谷区；怀柔区；昌平区；朝阳区；海淀区；石景山区；西城区；门头沟区,13,94,1.3342290021136636,39.2446,房山区,2020-03,1.0006171428571429,39.2446
5.0,5.0,grid_5.00_5.00,8,东城区；丰台区；怀柔区；昌平区；海淀区；石景山区；西城区；门头沟区,大兴区；密云区；平谷区；朝阳区；顺义区,5,13,东城区；丰台区；大兴区；密云区；平谷区；怀柔区；昌平区；朝阳区；海淀区；石景山区；西城区；门头沟区；顺义区,46,112,1.7287268225334458,39.2446,房山区,2019-11,1.3797761904761903,39.2446
5.0,5.25,grid_5.00_5.25,8,东城区；丰台区；怀柔区；昌平区；海淀区；石景山区；西城区；门头沟区,大兴区；密云区；平谷区；朝阳区；顺义区,5,13,东城区；丰台区；大兴区；密云区；平谷区；怀柔区；昌平区；朝阳区；海淀区；石景山区；西城区；门头沟区；顺义区,46,146,2.2872264868432532,39.2446,房山区,2019-10,1.5983395238095235,39.2446
5.0,5.5,grid_5.00_5.50,9,东城区；丰台区；怀柔区；昌平区；朝阳区；海淀区；石景山区；西城区；门头沟区,大兴区；密云区；平谷区；朝阳区；顺义区,5,13,东城区；丰台区；大兴区；密云区；平谷区；怀柔区；昌平区；朝阳区；海淀区；石景山区；西城区；门头沟区；顺义区,47,170,2.7206415746561614,39.2446,房山区,2019-09,2.3942538095238093,39.2446
5.25,3.25,grid_5.25_3.25,7,东城区；丰台区；大兴区；怀柔区；昌平区；海淀区；西城区,密云区；石景山区；门头沟区,3,9,东城区；丰台区；大兴区；密云区；昌平区；海淀区；石景山区；西城区；门头沟区,23,84,1.414028667225482,81.7262,延庆区,2025-09,1.0788019047619046,39.2446
5.25,3.5,grid_5.25_3.50,8,东城区；丰台区；大兴区；怀柔区；昌平区；海淀区；西城区；门头沟区,密云区；石景山区,2,9,东城区；丰台区；大兴区；密云区；昌平区；海淀区；石景山区；西城区；门头沟区,20,52,0.8046007544006705,81.7262,延庆区,2025-09,0.6434476190476192,39.2446
5.25,3.75,grid_5.25_3.75,8,东城区；丰台区；大兴区；怀柔区；昌平区；海淀区；西城区；门头沟区,石景山区,1,7,东城区；丰台区；大兴区；昌平区；海淀区；西城区；门头沟区,11,30,0.4222140821458508,81.7262,延庆区,2025-09,0.025881428571428573,2.2179
5.25,4.0,grid_5.25_4.00,9,东城区；丰台区；大兴区；怀柔区；昌平区；海淀区；石景山区；西城区；门头沟区,平谷区,1,5,东城区；丰台区；平谷区；怀柔区；昌平区,2,9,0.5406414920368818,81.7262,延庆区,2025-09,0.1914914285714286,16.2319
5.25,4.25,grid_5.25_4.25,9,东城区；丰台区；大兴区；怀柔区；昌平区；海淀区；石景山区；西城区；门头沟区,密云区；平谷区,2,10,东城区；丰台区；大兴区；密云区；平谷区；怀柔区；昌平区；海淀区；石景山区；西城区,8,46,0.9836974015088013,81.7262,延庆区,2025-09,0.6489385714285714,39.2446
5.25,4.5,grid_5.25_4.50,8,东城区；丰台区；怀柔区；昌平区；海淀区；石景山区；西城区；门头沟区,大兴区；密云区；平谷区,3,10,东城区；丰台区；大兴区；密云区；平谷区；怀柔区；昌平区；海淀区；石景山区；西城区,8,65,1.4089127409891031,81.7262,延庆区,2025-09,0.9751647619047618,39.2446
5.25,4.75,grid_5.25_4.75,8,东城区；丰台区；怀柔区；昌平区；海淀区；石景山区；西城区；门头沟区,大兴区；密云区；平谷区；朝阳区；顺义区,5,13,东城区；丰台区；大兴区；密云区；平谷区；怀柔区；昌平区；朝阳区；海淀区；石景山区；西城区；门头沟区；顺义区,14,100,1.8728996641093048,81.7262,延庆区,2025-09,1.258382857142857,39.2446
5.25,5.0,grid_5.25_5.00,8,东城区；丰台区；怀柔区；昌平区；海淀区；石景山区；西城区；门头沟区,大兴区；密云区；平谷区；朝阳区；顺义区,5,13,东城区；丰台区；大兴区；密云区；平谷区；怀柔区；昌平区；朝阳区；海淀区；石景山区；西城区；门头沟区；顺义区,46,128,2.2649680629029345,81.7262,延庆区,2025-09,1.5772166666666667,39.2446
5.25,5.25,grid_5.25_5.25,8,东城区；丰台区；怀柔区；昌平区；海淀区；石景山区；西城区；门头沟区,大兴区；密云区；平谷区；朝阳区；顺义区,5,13,东城区；丰台区；大兴区；密云区；平谷区；怀柔区；昌平区；朝阳区；海淀区；石景山区；西城区；门头沟区；顺义区,47,151,2.7980934608583414,81.7262,延庆区,2025-09,2.296077619047619,39.2446
5.25,5.5,grid_5.25_5.50,9,东城区；密云区；怀柔区；昌平区；朝阳区；海淀区；石景山区；西城区；门头沟区,丰台区；大兴区；密云区；平谷区；朝阳区；顺义区,6,13,东城区；丰台区；大兴区；密云区；平谷区；怀柔区；昌平区；朝阳区；海淀区；石景山区；西城区；门头沟区；顺义区,47,196,3.1752906098977394,81.7262,延庆区,2025-09,2.7680119047619045,39.2446
5.5,3.25,grid_5.50_3.25,7,东城区；丰台区；大兴区；怀柔区；昌平区；海淀区；西城区,密云区；石景山区；门头沟区,3,9,东城区；丰台区；大兴区；密云区；昌平区；海淀区；石景山区；西城区；门头沟区,23,76,1.3458096395641241,81.7262,延庆区,2025-01,0.6434476190476192,39.2446
5.5,3.5,grid_5.50_3.50,8,东城区；丰台区；大兴区；怀柔区；昌平区；海淀区；西城区；门头沟区,密云区；石景山区,2,9,东城区；丰台区；大兴区；密云区；昌平区；海淀区；石景山区；西城区；门头沟区,20,47,0.9224886839899412,81.7262,延庆区,2025-01,0.10972619047619048,9.858
5.5,3.75,grid_5.50_3.75,9,东城区；丰台区；大兴区；怀柔区；昌平区；海淀区；石景山区；西城区；门头沟区,,0,6,东城区；丰台区；大兴区；昌平区；海淀区；西城区,5,14,0.7768909471919532,81.7262,延庆区,2025-01,0.1699095238095238,16.2319
5.5,4.0,grid_5.50_4.00,9,东城区；丰台区；大兴区；怀柔区；昌平区；海淀区；石景山区；西城区；门头沟区,平谷区,1,9,东城区；丰台区；大兴区；密云区；平谷区；怀柔区；昌平区；海淀区；西城区,5,26,1.1873544006705785,81.7262,延庆区,2025-01,0.6156285714285714,39.2446
5.5,4.25,grid_5.50_4.25,9,东城区；丰台区；大兴区；怀柔区；昌平区；海淀区；石景山区；西城区；门头沟区,密云区；平谷区,2,10,东城区；丰台区；大兴区；密云区；平谷区；怀柔区；昌平区；海淀区；石景山区；西城区,8,51,1.668520452640402,81.7262,延庆区,2025-01,0.9500142857142858,39.2446
5.5,4.5,grid_5.50_4.50,8,东城区；丰台区；怀柔区；昌平区；海淀区；石景山区；西城区；门头沟区,大兴区；密云区；平谷区,3,11,东城区；丰台区；大兴区；密云区；平谷区；怀柔区；昌平区；海淀区；石景山区；西城区；门头沟区,12,83,2.1196416596814758,81.7262,延庆区,2025-01,1.2318861904761904,39.2446
5.5,4.75,grid_5.50_4.75,8,东城区；丰台区；怀柔区；昌平区；海淀区；石景山区；西城区；门头沟区,大兴区；密云区；平谷区；朝阳区；顺义区,5,13,东城区；丰台区；大兴区；密云区；平谷区；怀柔区；昌平区；朝阳区；海淀区；石景山区；西城区；门头沟区；顺义区,46,108,2.4833524721562457,81.7262,延庆区,2025-01,1.5032866666666664,39.2446
5.5,5.0,grid_5.50_5.00,8,东城区；丰台区；怀柔区；昌平区；海淀区；石景山区；西城区；门头沟区,大兴区；密云区；平谷区；朝阳区；顺义区,5,13,东城区；丰台区；大兴区；密云区；平谷区；怀柔区；昌平区；朝阳区；海淀区；石景山区；西城区；门头沟区；顺义区,46,136,3.023046855861862,81.7262,延庆区,2025-01,2.2855161904761903,39.2446
5.5,5.25,grid_5.50_5.25,8,东城区；丰台区；怀柔区；昌平区；海淀区；石景山区；西城区；门头沟区,大兴区；密云区；平谷区；朝阳区；顺义区,5,13,东城区；丰台区；大兴区；密云区；平谷区；怀柔区；昌平区；朝阳区；海淀区；石景山区；西城区；门头沟区；顺义区,47,164,3.365467978880135,81.7262,延庆区,2025-01,2.757450476190476,39.2446
5.5,5.5,grid_5.50_5.50,9,东城区；密云区；怀柔区；昌平区；朝阳区；海淀区；石景山区；西城区；门头沟区,丰台区；大兴区；密云区；平谷区；朝阳区；顺义区,6,13,东城区；丰台区；大兴区；密云区；平谷区；怀柔区；昌平区；朝阳区；海淀区；石景山区；西城区；门头沟区；顺义区,47,214,3.762634113268736,81.7262,延庆区,2025-01,2.7830299999999997,39.2446
5.75,3.25,grid_5.75_3.25,8,东城区；丰台区；大兴区；怀柔区；昌平区；海淀区；西城区；门头沟区,密云区；石景山区,2,9,东城区；丰台区；大兴区；密云区；昌平区；海淀区；石景山区；西城区；门头沟区,21,60,1.6473119027661358,81.7262,延庆区,2024-01,0.38297523809523804,56.2538
5.75,3.5,grid_5.75_3.50,8,东城区；丰台区；大兴区；怀柔区；昌平区；海淀区；西城区；门头沟区,石景山区,1,7,东城区；丰台区；大兴区；昌平区；海淀区；西城区；门头沟区,19,39,1.6178521374685666,81.7262,延庆区,2024-01,0.44834619047619034,56.2538
5.75,3.75,grid_5.75_3.75,9,东城区；丰台区；大兴区；怀柔区；昌平区；海淀区；石景山区；西城区；门头沟区,平谷区,1,2,平谷区；怀柔区,2,4,1.698388767812238,81.7262,延庆区,2024-01,0.8781299999999999,56.2538
5.75,4.0,grid_5.75_4.00,9,东城区；丰台区；大兴区；怀柔区；昌平区；海淀区；石景山区；西城区；门头沟区,密云区；平谷区,2,10,东城区；丰台区；大兴区；密云区；平谷区；怀柔区；昌平区；海淀区；石景山区；西城区,7,38,2.1604022632020112,81.7262,延庆区,2024-01,1.1476776190476192,56.2538
5.75,4.25,grid_5.75_4.25,9,东城区；丰台区；大兴区；怀柔区；昌平区；海淀区；石景山区；西城区；门头沟区,密云区；平谷区,2,10,东城区；丰台区；大兴区；密云区；平谷区；怀柔区；昌平区；海淀区；石景山区；西城区,8,61,2.6283743503772,81.7262,延庆区,2024-01,1.465407142857143,56.2538
5.75,4.5,grid_5.75_4.50,8,东城区；丰台区；怀柔区；昌平区；海淀区；石景山区；西城区；门头沟区,大兴区；密云区；平谷区；朝阳区；顺义区,5,13,东城区；丰台区；大兴区；密云区；平谷区；怀柔区；昌平区；朝阳区；海淀区；石景山区；西城区；门头沟区；顺义区,13,96,3.047380971937636,81.7262,延庆区,2024-01,1.6872557142857145,56.2538
5.75,4.75,grid_5.75_4.75,8,东城区；丰台区；怀柔区；昌平区；海淀区；石景山区；西城区；门头沟区,大兴区；密云区；平谷区；朝阳区；顺义区,5,13,东城区；丰台区；大兴区；密云区；平谷区；怀柔区；昌平区；朝阳区；海淀区；石景山区；西城区；门头沟区；顺义区,46,117,3.4202876775208724,81.7262,延庆区,2024-01,2.5322685714285713,56.2538
5.75,5.0,grid_5.75_5.00,8,东城区；丰台区；怀柔区；昌平区；海淀区；石景山区；西城区；门头沟区,大兴区；密云区；平谷区；朝阳区；顺义区,5,13,东城区；丰台区；大兴区；密云区；平谷区；怀柔区；昌平区；朝阳区；海淀区；石景山区；西城区；门头沟区；顺义区,47,149,3.8762740140855003,81.7262,延庆区,2024-01,2.9377109523809524,56.2538
5.75,5.25,grid_5.75_5.25,10,东城区；丰台区；密云区；怀柔区；昌平区；朝阳区；海淀区；石景山区；西城区；门头沟区,大兴区；密云区；平谷区；朝阳区；顺义区,5,13,东城区；丰台区；大兴区；密云区；平谷区；怀柔区；昌平区；朝阳区；海淀区；石景山区；西城区；门头沟区；顺义区,47,177,4.190333779182566,81.7262,延庆区,2024-01,3.035887142857143,56.2538
5.75,5.5,grid_5.75_5.50,9,东城区；密云区；怀柔区；昌平区；朝阳区；海淀区；石景山区；西城区；门头沟区,丰台区；大兴区；密云区；平谷区；朝阳区；顺义区,6,13,东城区；丰台区；大兴区；密云区；平谷区；怀柔区；昌平区；朝阳区；海淀区；石景山区；西城区；门头沟区；顺义区,48,222,4.756961104048284,81.7262,延庆区,2024-01,3.548537142857143,56.2538
6.0,3.25,grid_6.00_3.25,8,东城区；丰台区；大兴区；怀柔区；昌平区；海淀区；西城区；门头沟区,密云区；石景山区,2,9,东城区；丰台区；大兴区；密云区；昌平区；海淀区；石景山区；西城区；门头沟区,20,52,2.4358027661357924,81.7262,延庆区,2024-01,0.5375647619047619,56.2538
6.0,3.5,grid_6.00_3.50,8,东城区；丰台区；大兴区；怀柔区；昌平区；海淀区；西城区；门头沟区,石景山区,1,7,东城区；丰台区；大兴区；昌平区；海淀区；西城区；门头沟区,11,29,2.3120110645431686,81.7262,延庆区,2024-01,0.8671095238095238,56.2538
6.0,3.75,grid_6.00_3.75,9,东城区；丰台区；大兴区；怀柔区；昌平区；海淀区；石景山区；西城区；门头沟区,平谷区,1,6,东城区；丰台区；密云区；平谷区；怀柔区；昌平区,3,12,2.6842177703269074,81.7262,延庆区,2024-01,1.1423038095238096,56.2538
6.0,4.0,grid_6.00_4.00,9,东城区；丰台区；大兴区；怀柔区；昌平区；海淀区；石景山区；西城区；门头沟区,密云区；平谷区,2,10,东城区；丰台区；大兴区；密云区；平谷区；怀柔区；昌平区；海淀区；石景山区；西城区,8,46,3.2225438390611907,81.7262,延庆区,2024-01,1.4497738095238097,56.2538
6.0,4.25,grid_6.00_4.25,8,东城区；丰台区；怀柔区；昌平区；海淀区；石景山区；西城区；门头沟区,大兴区；密云区；平谷区,3,10,东城区；丰台区；大兴区；密云区；平谷区；怀柔区；昌平区；海淀区；石景山区；西城区,8,67,3.58557921207041,81.7262,延庆区,2024-01,1.6618033333333333,56.2538
6.0,4.5,grid_6.00_4.50,8,东城区；丰台区；怀柔区；昌平区；海淀区；石景山区；西城区；门头沟区,大兴区；密云区；平谷区；朝阳区；顺义区,5,13,东城区；丰台区；大兴区；密云区；平谷区；怀柔区；昌平区；朝阳区；海淀区；石景山区；西城区；门头沟区；顺义区,46,104,3.981404022868735,81.7262,延庆区,2024-01,2.447777142857143,56.2538
6.0,4.75,grid_6.00_4.75,8,东城区；丰台区；怀柔区；昌平区；海淀区；石景山区；西城区；门头沟区,大兴区；密云区；平谷区；朝阳区；顺义区,5,13,东城区；丰台区；大兴区；密云区；平谷区；怀柔区；昌平区；朝阳区；海淀区；石景山区；西城区；门头沟区；顺义区,46,133,4.423451298443588,81.7262,延庆区,2024-01,2.9165880952380947,56.2538
6.0,5.0,grid_6.00_5.00,8,东城区；丰台区；怀柔区；昌平区；海淀区；石景山区；西城区；门头沟区,大兴区；密云区；平谷区；朝阳区；顺义区,5,13,东城区；丰台区；大兴区；密云区；平谷区；怀柔区；昌平区；朝阳区；海淀区；石景山区；西城区；门头沟区；顺义区,47,155,4.725897819617772,81.7262,延庆区,2024-01,3.0247104761904757,56.2538
6.0,5.25,grid_6.00_5.25,9,东城区；密云区；怀柔区；昌平区；朝阳区；海淀区；石景山区；西城区；门头沟区,丰台区；大兴区；密云区；平谷区；朝阳区；顺义区,6,13,东城区；丰台区；大兴区；密云区；平谷区；怀柔区；昌平区；朝阳区；海淀区；石景山区；西城区；门头沟区；顺义区,47,205,5.226616930098913,81.7262,延庆区,2024-01,3.424663333333333,56.2538
6.0,5.5,grid_6.00_5.50,8,东城区；密云区；昌平区；朝阳区；海淀区；石景山区；西城区；门头沟区,丰台区；大兴区；密云区；平谷区；怀柔区；朝阳区；顺义区,7,13,东城区；丰台区；大兴区；密云区；平谷区；怀柔区；昌平区；朝阳区；海淀区；石景山区；西城区；门头沟区；顺义区,48,234,5.753563869983572,81.7262,延庆区,2024-01,3.889678571428571,56.2538
6.25,3.25,grid_6.25_3.25,8,东城区；丰台区；大兴区；怀柔区；昌平区；海淀区；西城区；门头沟区,石景山区,1,8,东城区；丰台区；大兴区；昌平区；海淀区；石景山区；西城区；门头沟区,20,46,3.0273424140821463,81.7262,延庆区,2023-11,0.8671095238095238,56.2538
6.25,3.5,grid_6.25_3.50,9,东城区；丰台区；大兴区；怀柔区；昌平区；海淀区；石景山区；西城区；门头沟区,平谷区,1,8,东城区；丰台区；大兴区；平谷区；怀柔区；昌平区；海淀区；西城区,5,18,3.151331181894384,81.7262,延庆区,2023-11,1.1576238095238096,56.2538
6.25,3.75,grid_6.25_3.75,9,东城区；丰台区；大兴区；怀柔区；昌平区；海淀区；石景山区；西城区；门头沟区,密云区；平谷区,2,9,东城区；丰台区；大兴区；密云区；平谷区；怀柔区；昌平区；海淀区；西城区,5,27,3.59730461022632,81.7262,延庆区,2023-11,1.3795619047619048,56.2538
6.25,4.0,grid_6.25_4.00,9,东城区；丰台区；大兴区；怀柔区；昌平区；海淀区；石景山区；西城区；门头沟区,密云区；平谷区,2,10,东城区；丰台区；大兴区；密云区；平谷区；怀柔区；昌平区；海淀区；石景山区；西城区,8,51,4.01660025146689,81.7262,延庆区,2023-11,1.6516709523809525,56.2538
6.25,4.25,grid_6.25_4.25,8,东城区；丰台区；怀柔区；昌平区；海淀区；石景山区；西城区；门头沟区,大兴区；密云区；平谷区；顺义区,4,12,东城区；丰台区；大兴区；密云区；平谷区；怀柔区；昌平区；海淀区；石景山区；西城区；门头沟区；顺义区,12,85,4.429395725062866,81.7262,延庆区,2023-11,2.3843785714285715,56.2538
6.25,4.5,grid_6.25_4.50,8,东城区；丰台区；怀柔区；昌平区；海淀区；石景山区；西城区；门头沟区,大兴区；密云区；平谷区；朝阳区；顺义区,5,13,东城区；丰台区；大兴区；密云区；平谷区；怀柔区；昌平区；朝阳区；海淀区；石景山区；西城区；门头沟区；顺义区,46,113,4.719659932340654,81.7262,延庆区,2023-11,2.842658095238095,56.2538
6.25,4.75,grid_6.25_4.75,8,东城区；丰台区；怀柔区；昌平区；海淀区；石景山区；西城区；门头沟区,大兴区；密云区；平谷区；朝阳区；顺义区,5,13,东城区；丰台区；大兴区；密云区；平谷区；怀柔区；昌平区；朝阳区；海淀区；石景山区；西城区；门头沟区；顺义区,47,139,5.149689269944007,81.7262,延庆区,2023-11,2.9271495238095238,56.2538
6.25,5.0,grid_6.25_5.00,9,东城区；丰台区；密云区；怀柔区；昌平区；海淀区；石景山区；西城区；门头沟区,大兴区；密云区；平谷区；朝阳区；顺义区,5,13,东城区；丰台区；大兴区；密云区；平谷区；怀柔区；昌平区；朝阳区；海淀区；石景山区；西城区；门头沟区；顺义区,47,171,5.562544173347864,81.7262,延庆区,2023-11,3.39908380952381,56.2538
6.25,5.25,grid_6.25_5.25,9,东城区；密云区；怀柔区；昌平区；朝阳区；海淀区；石景山区；西城区；门头沟区,丰台区；大兴区；密云区；平谷区；朝阳区；顺义区,6,13,东城区；丰台区；大兴区；密云区；平谷区；怀柔区；昌平区；朝阳区；海淀区；石景山区；西城区；门头沟区；顺义区,48,216,6.102506619555409,81.7262,延庆区,2023-11,3.7354161904761907,56.2538
6.25,5.5,grid_6.25_5.50,8,东城区；密云区；昌平区；朝阳区；海淀区；石景山区；西城区；门头沟区,丰台区；大兴区；密云区；平谷区；怀柔区；朝阳区；顺义区,7,13,东城区；丰台区；大兴区；密云区；平谷区；怀柔区；昌平区；朝阳区；海淀区；石景山区；西城区；门头沟区；顺义区,48,249,6.684522796857673,81.7262,延庆区,2023-11,4.804903333333333,56.2538
