year,district,class_code,urban_land_area_m2,urban_land_area_km2,district_area_km2,urban_fraction_of_district,source_raster,raster_crs,pixel_area_method,source_resolution,n51_pixels,n53_pixels_sensitivity,qc_flag,urban51plus53_area_km2_sensitivity
1980,东城区,51,42000000.0,42.0,42.0025631540362,0.9999389762470733,lucc1980,Albers_Equal_Area(Krassowsky),"pixel_count x 1000000 m2 (projected, metre, all_touched=False)",1000.0m x 1000.0m,42,0,,42.0
1980,西城区,51,48000000.0,48.0,50.52575450451651,0.9500105534437743,lucc1980,Albers_Equal_Area(Krassowsky),"pixel_count x 1000000 m2 (projected, metre, all_touched=False)",1000.0m x 1000.0m,48,0,,48.0
1980,朝阳区,51,84000000.0,84.0,464.5070469109955,0.1808368690176089,lucc1980,Albers_Equal_Area(Krassowsky),"pixel_count x 1000000 m2 (projected, metre, all_touched=False)",1000.0m x 1000.0m,84,16,,100.0
1980,丰台区,51,61000000.0,61.0,303.33278060397447,0.2010992675389095,lucc1980,Albers_Equal_Area(Krassowsky),"pixel_count x 1000000 m2 (projected, metre, all_touched=False)",1000.0m x 1000.0m,61,10,,71.0
1980,石景山区,51,40000000.0,40.0,85.13950058594804,0.4698171791555218,lucc1980,Albers_Equal_Area(Krassowsky),"pixel_count x 1000000 m2 (projected, metre, all_touched=False)",1000.0m x 1000.0m,40,2,,42.0
1980,海淀区,51,95000000.0,95.0,430.46319807851023,0.22069250152872158,lucc1980,Albers_Equal_Area(Krassowsky),"pixel_count x 1000000 m2 (projected, metre, all_touched=False)",1000.0m x 1000.0m,95,14,,109.0
1980,门头沟区,51,15000000.0,15.0,1448.001422932043,0.010359105842331741,lucc1980,Albers_Equal_Area(Krassowsky),"pixel_count x 1000000 m2 (projected, metre, all_touched=False)",1000.0m x 1000.0m,15,5,,20.0
1980,房山区,51,28000000.0,28.0,1998.3481965999679,0.01401157218128442,lucc1980,Albers_Equal_Area(Krassowsky),"pixel_count x 1000000 m2 (projected, metre, all_touched=False)",1000.0m x 1000.0m,28,22,,50.0
1980,通州区,51,16000000.0,16.0,889.0563081543647,0.01799661039829432,lucc1980,Albers_Equal_Area(Krassowsky),"pixel_count x 1000000 m2 (projected, metre, all_touched=False)",1000.0m x 1000.0m,16,8,,24.0
1980,顺义区,51,7000000.0,7.0,1009.3484042863803,0.006935167252727835,lucc1980,Albers_Equal_Area(Krassowsky),"pixel_count x 1000000 m2 (projected, metre, all_touched=False)",1000.0m x 1000.0m,7,9,,16.0
1980,昌平区,51,14000000.0,14.0,1342.8919853437842,0.010425261415508383,lucc1980,Albers_Equal_Area(Krassowsky),"pixel_count x 1000000 m2 (projected, metre, all_touched=False)",1000.0m x 1000.0m,14,19,,33.0
1980,大兴区,51,9000000.0,9.0,1050.5526925299284,0.008566919169305357,lucc1980,Albers_Equal_Area(Krassowsky),"pixel_count x 1000000 m2 (projected, metre, all_touched=False)",1000.0m x 1000.0m,9,14,,23.0
1980,怀柔区,51,5000000.0,5.0,2122.4003926274527,0.002355823160120219,lucc1980,Albers_Equal_Area(Krassowsky),"pixel_count x 1000000 m2 (projected, metre, all_touched=False)",1000.0m x 1000.0m,5,9,,14.0
1980,平谷区,51,6000000.0,6.0,948.1690396310179,0.006327985569255576,lucc1980,Albers_Equal_Area(Krassowsky),"pixel_count x 1000000 m2 (projected, metre, all_touched=False)",1000.0m x 1000.0m,6,1,,7.0
1980,密云区,51,8000000.0,8.0,2226.1261094989436,0.003593686793332943,lucc1980,Albers_Equal_Area(Krassowsky),"pixel_count x 1000000 m2 (projected, metre, all_touched=False)",1000.0m x 1000.0m,8,7,,15.0
1980,延庆区,51,3000000.0,3.0,1995.0824804700792,0.0015036972302484171,lucc1980,Albers_Equal_Area(Krassowsky),"pixel_count x 1000000 m2 (projected, metre, all_touched=False)",1000.0m x 1000.0m,3,7,,10.0
1990,东城区,51,40000000.0,40.0,42.0025631540362,0.9523228345210222,lucc1990,Albers_Equal_Area(Krassowsky),"pixel_count x 1000000 m2 (projected, metre, all_touched=False)",1000.0m x 1000.0m,40,0,,40.0
1990,西城区,51,53000000.0,53.0,50.52575450451651,1.0489699860941675,lucc1990,Albers_Equal_Area(Krassowsky),"pixel_count x 1000000 m2 (projected, metre, all_touched=False)",1000.0m x 1000.0m,53,0,exceeds_district_area,53.0
1990,朝阳区,51,82000000.0,82.0,464.5070469109955,0.1765312292790944,lucc1990,Albers_Equal_Area(Krassowsky),"pixel_count x 1000000 m2 (projected, metre, all_touched=False)",1000.0m x 1000.0m,82,16,,98.0
1990,丰台区,51,64000000.0,64.0,303.33278060397447,0.21098939545065915,lucc1990,Albers_Equal_Area(Krassowsky),"pixel_count x 1000000 m2 (projected, metre, all_touched=False)",1000.0m x 1000.0m,64,12,,76.0
1990,石景山区,51,36000000.0,36.0,85.13950058594804,0.4228354612399696,lucc1990,Albers_Equal_Area(Krassowsky),"pixel_count x 1000000 m2 (projected, metre, all_touched=False)",1000.0m x 1000.0m,36,1,,37.0
1990,海淀区,51,95000000.0,95.0,430.46319807851023,0.22069250152872158,lucc1990,Albers_Equal_Area(Krassowsky),"pixel_count x 1000000 m2 (projected, metre, all_touched=False)",1000.0m x 1000.0m,95,22,,117.0
1990,门头沟区,51,11000000.0,11.0,1448.001422932043,0.0075966776177099436,lucc1990,Albers_Equal_Area(Krassowsky),"pixel_count x 1000000 m2 (projected, metre, all_touched=False)",1000.0m x 1000.0m,11,8,,19.0
1990,房山区,51,23000000.0,23.0,1998.3481965999679,0.011509505720340773,lucc1990,Albers_Equal_Area(Krassowsky),"pixel_count x 1000000 m2 (projected, metre, all_touched=False)",1000.0m x 1000.0m,23,19,,42.0
1990,通州区,51,16000000.0,16.0,889.0563081543647,0.01799661039829432,lucc1990,Albers_Equal_Area(Krassowsky),"pixel_count x 1000000 m2 (projected, metre, all_touched=False)",1000.0m x 1000.0m,16,15,,31.0
1990,顺义区,51,13000000.0,13.0,1009.3484042863803,0.01287959632649455,lucc1990,Albers_Equal_Area(Krassowsky),"pixel_count x 1000000 m2 (projected, metre, all_touched=False)",1000.0m x 1000.0m,13,13,,26.0
1990,昌平区,51,15000000.0,15.0,1342.8919853437842,0.011169922945187552,lucc1990,Albers_Equal_Area(Krassowsky),"pixel_count x 1000000 m2 (projected, metre, all_touched=False)",1000.0m x 1000.0m,15,13,,28.0
1990,大兴区,51,9000000.0,9.0,1050.5526925299284,0.008566919169305357,lucc1990,Albers_Equal_Area(Krassowsky),"pixel_count x 1000000 m2 (projected, metre, all_touched=False)",1000.0m x 1000.0m,9,14,,23.0
1990,怀柔区,51,2000000.0,2.0,2122.4003926274527,0.0009423292640480876,lucc1990,Albers_Equal_Area(Krassowsky),"pixel_count x 1000000 m2 (projected, metre, all_touched=False)",1000.0m x 1000.0m,2,7,,9.0
1990,平谷区,51,5000000.0,5.0,948.1690396310179,0.00527332130771298,lucc1990,Albers_Equal_Area(Krassowsky),"pixel_count x 1000000 m2 (projected, metre, all_touched=False)",1000.0m x 1000.0m,5,3,,8.0
1990,密云区,51,5000000.0,5.0,2226.1261094989436,0.0022460542458330895,lucc1990,Albers_Equal_Area(Krassowsky),"pixel_count x 1000000 m2 (projected, metre, all_touched=False)",1000.0m x 1000.0m,5,1,,6.0
1990,延庆区,51,2000000.0,2.0,1995.0824804700792,0.0010024648201656114,lucc1990,Albers_Equal_Area(Krassowsky),"pixel_count x 1000000 m2 (projected, metre, all_touched=False)",1000.0m x 1000.0m,2,4,,6.0
1995,东城区,51,42000000.0,42.0,42.0025631540362,0.9999389762470733,lucc95,Albers_Equal_Area(Krassowsky),"pixel_count x 1000000 m2 (projected, metre, all_touched=False)",1000.0m x 1000.0m,42,0,,42.0
1995,西城区,51,50000000.0,50.0,50.52575450451651,0.9895943265039315,lucc95,Albers_Equal_Area(Krassowsky),"pixel_count x 1000000 m2 (projected, metre, all_touched=False)",1000.0m x 1000.0m,50,0,,50.0
1995,朝阳区,51,242000000.0,242.0,464.5070469109955,0.5209824083602542,lucc95,Albers_Equal_Area(Krassowsky),"pixel_count x 1000000 m2 (projected, metre, all_touched=False)",1000.0m x 1000.0m,242,9,,251.0
1995,丰台区,51,163000000.0,163.0,303.33278060397447,0.5373636165383975,lucc95,Albers_Equal_Area(Krassowsky),"pixel_count x 1000000 m2 (projected, metre, all_touched=False)",1000.0m x 1000.0m,163,5,,168.0
1995,石景山区,51,60000000.0,60.0,85.13950058594804,0.7047257687332826,lucc95,Albers_Equal_Area(Krassowsky),"pixel_count x 1000000 m2 (projected, metre, all_touched=False)",1000.0m x 1000.0m,60,1,,61.0
1995,海淀区,51,173000000.0,173.0,430.46319807851023,0.4018926606786193,lucc95,Albers_Equal_Area(Krassowsky),"pixel_count x 1000000 m2 (projected, metre, all_touched=False)",1000.0m x 1000.0m,173,10,,183.0
1995,门头沟区,51,16000000.0,16.0,1448.001422932043,0.01104971289848719,lucc95,Albers_Equal_Area(Krassowsky),"pixel_count x 1000000 m2 (projected, metre, all_touched=False)",1000.0m x 1000.0m,16,7,,23.0
1995,房山区,51,53000000.0,53.0,1998.3481965999679,0.026521904486002654,lucc95,Albers_Equal_Area(Krassowsky),"pixel_count x 1000000 m2 (projected, metre, all_touched=False)",1000.0m x 1000.0m,53,58,,111.0
1995,通州区,51,42000000.0,42.0,889.0563081543647,0.04724110229552259,lucc95,Albers_Equal_Area(Krassowsky),"pixel_count x 1000000 m2 (projected, metre, all_touched=False)",1000.0m x 1000.0m,42,27,,69.0
1995,顺义区,51,39000000.0,39.0,1009.3484042863803,0.038638788979483654,lucc95,Albers_Equal_Area(Krassowsky),"pixel_count x 1000000 m2 (projected, metre, all_touched=False)",1000.0m x 1000.0m,39,50,,89.0
1995,昌平区,51,83000000.0,83.0,1342.8919853437842,0.06180690696337112,lucc95,Albers_Equal_Area(Krassowsky),"pixel_count x 1000000 m2 (projected, metre, all_touched=False)",1000.0m x 1000.0m,83,33,,116.0
1995,大兴区,51,62000000.0,62.0,1050.5526925299284,0.0590165542774369,lucc95,Albers_Equal_Area(Krassowsky),"pixel_count x 1000000 m2 (projected, metre, all_touched=False)",1000.0m x 1000.0m,62,39,,101.0
1995,怀柔区,51,10000000.0,10.0,2122.4003926274527,0.004711646320240438,lucc95,Albers_Equal_Area(Krassowsky),"pixel_count x 1000000 m2 (projected, metre, all_touched=False)",1000.0m x 1000.0m,10,41,,51.0
1995,平谷区,51,17000000.0,17.0,948.1690396310179,0.017929292446224133,lucc95,Albers_Equal_Area(Krassowsky),"pixel_count x 1000000 m2 (projected, metre, all_touched=False)",1000.0m x 1000.0m,17,8,,25.0
1995,密云区,51,8000000.0,8.0,2226.1261094989436,0.003593686793332943,lucc95,Albers_Equal_Area(Krassowsky),"pixel_count x 1000000 m2 (projected, metre, all_touched=False)",1000.0m x 1000.0m,8,17,,25.0
1995,延庆区,51,11000000.0,11.0,1995.0824804700792,0.005513556510910863,lucc95,Albers_Equal_Area(Krassowsky),"pixel_count x 1000000 m2 (projected, metre, all_touched=False)",1000.0m x 1000.0m,11,8,,19.0
2000,东城区,51,42000000.0,42.0,42.0025631540362,0.9999389762470733,lucc2000,Albers_Equal_Area(Krassowsky),"pixel_count x 1000000 m2 (projected, metre, all_touched=False)",1000.0m x 1000.0m,42,0,,42.0
2000,西城区,51,48000000.0,48.0,50.52575450451651,0.9500105534437743,lucc2000,Albers_Equal_Area(Krassowsky),"pixel_count x 1000000 m2 (projected, metre, all_touched=False)",1000.0m x 1000.0m,48,0,,48.0
2000,朝阳区,51,247000000.0,247.0,464.5070469109955,0.5317465077065404,lucc2000,Albers_Equal_Area(Krassowsky),"pixel_count x 1000000 m2 (projected, metre, all_touched=False)",1000.0m x 1000.0m,247,15,,262.0
2000,丰台区,51,176000000.0,176.0,303.33278060397447,0.5802208374893126,lucc2000,Albers_Equal_Area(Krassowsky),"pixel_count x 1000000 m2 (projected, metre, all_touched=False)",1000.0m x 1000.0m,176,7,,183.0
2000,石景山区,51,57000000.0,57.0,85.13950058594804,0.6694894802966186,lucc2000,Albers_Equal_Area(Krassowsky),"pixel_count x 1000000 m2 (projected, metre, all_touched=False)",1000.0m x 1000.0m,57,2,,59.0
2000,海淀区,51,163000000.0,163.0,430.46319807851023,0.37866187104401705,lucc2000,Albers_Equal_Area(Krassowsky),"pixel_count x 1000000 m2 (projected, metre, all_touched=False)",1000.0m x 1000.0m,163,13,,176.0
2000,门头沟区,51,18000000.0,18.0,1448.001422932043,0.01243092701079809,lucc2000,Albers_Equal_Area(Krassowsky),"pixel_count x 1000000 m2 (projected, metre, all_touched=False)",1000.0m x 1000.0m,18,9,,27.0
2000,房山区,51,49000000.0,49.0,1998.3481965999679,0.024520251317247735,lucc2000,Albers_Equal_Area(Krassowsky),"pixel_count x 1000000 m2 (projected, metre, all_touched=False)",1000.0m x 1000.0m,49,29,,78.0
2000,通州区,51,37000000.0,37.0,889.0563081543647,0.04161716154605562,lucc2000,Albers_Equal_Area(Krassowsky),"pixel_count x 1000000 m2 (projected, metre, all_touched=False)",1000.0m x 1000.0m,37,19,,56.0
2000,顺义区,51,20000000.0,20.0,1009.3484042863803,0.019814763579222384,lucc2000,Albers_Equal_Area(Krassowsky),"pixel_count x 1000000 m2 (projected, metre, all_touched=False)",1000.0m x 1000.0m,20,31,,51.0
2000,昌平区,51,55000000.0,55.0,1342.8919853437842,0.040956384132354355,lucc2000,Albers_Equal_Area(Krassowsky),"pixel_count x 1000000 m2 (projected, metre, all_touched=False)",1000.0m x 1000.0m,55,28,,83.0
2000,大兴区,51,64000000.0,64.0,1050.5526925299284,0.06092031409283809,lucc2000,Albers_Equal_Area(Krassowsky),"pixel_count x 1000000 m2 (projected, metre, all_touched=False)",1000.0m x 1000.0m,64,15,,79.0
2000,怀柔区,51,12000000.0,12.0,2122.4003926274527,0.005653975584288526,lucc2000,Albers_Equal_Area(Krassowsky),"pixel_count x 1000000 m2 (projected, metre, all_touched=False)",1000.0m x 1000.0m,12,15,,27.0
2000,平谷区,51,18000000.0,18.0,948.1690396310179,0.01898395670776673,lucc2000,Albers_Equal_Area(Krassowsky),"pixel_count x 1000000 m2 (projected, metre, all_touched=False)",1000.0m x 1000.0m,18,3,,21.0
2000,密云区,51,17000000.0,17.0,2226.1261094989436,0.007636584435832505,lucc2000,Albers_Equal_Area(Krassowsky),"pixel_count x 1000000 m2 (projected, metre, all_touched=False)",1000.0m x 1000.0m,17,13,,30.0
2000,延庆区,51,12000000.0,12.0,1995.0824804700792,0.0060147889209936686,lucc2000,Albers_Equal_Area(Krassowsky),"pixel_count x 1000000 m2 (projected, metre, all_touched=False)",1000.0m x 1000.0m,12,15,,27.0
2005,东城区,51,42000000.0,42.0,42.0025631540362,0.9999389762470733,lucc2005,Albers_Equal_Area(Krassowsky),"pixel_count x 1000000 m2 (projected, metre, all_touched=False)",1000.0m x 1000.0m,42,0,,42.0
2005,西城区,51,48000000.0,48.0,50.52575450451651,0.9500105534437743,lucc2005,Albers_Equal_Area(Krassowsky),"pixel_count x 1000000 m2 (projected, metre, all_touched=False)",1000.0m x 1000.0m,48,0,,48.0
2005,朝阳区,51,274000000.0,274.0,464.5070469109955,0.5898726441764861,lucc2005,Albers_Equal_Area(Krassowsky),"pixel_count x 1000000 m2 (projected, metre, all_touched=False)",1000.0m x 1000.0m,274,16,,290.0
2005,丰台区,51,186000000.0,186.0,303.33278060397447,0.6131879305284782,lucc2005,Albers_Equal_Area(Krassowsky),"pixel_count x 1000000 m2 (projected, metre, all_touched=False)",1000.0m x 1000.0m,186,7,,193.0
2005,石景山区,51,57000000.0,57.0,85.13950058594804,0.6694894802966186,lucc2005,Albers_Equal_Area(Krassowsky),"pixel_count x 1000000 m2 (projected, metre, all_touched=False)",1000.0m x 1000.0m,57,2,,59.0
2005,海淀区,51,185000000.0,185.0,430.46319807851023,0.42976960824014204,lucc2005,Albers_Equal_Area(Krassowsky),"pixel_count x 1000000 m2 (projected, metre, all_touched=False)",1000.0m x 1000.0m,185,12,,197.0
2005,门头沟区,51,29000000.0,29.0,1448.001422932043,0.020027604628508035,lucc2005,Albers_Equal_Area(Krassowsky),"pixel_count x 1000000 m2 (projected, metre, all_touched=False)",1000.0m x 1000.0m,29,8,,37.0
2005,房山区,51,62000000.0,62.0,1998.3481965999679,0.031025624115701214,lucc2005,Albers_Equal_Area(Krassowsky),"pixel_count x 1000000 m2 (projected, metre, all_touched=False)",1000.0m x 1000.0m,62,35,,97.0
2005,通州区,51,55000000.0,55.0,889.0563081543647,0.06186334824413673,lucc2005,Albers_Equal_Area(Krassowsky),"pixel_count x 1000000 m2 (projected, metre, all_touched=False)",1000.0m x 1000.0m,55,20,,75.0
2005,顺义区,51,38000000.0,38.0,1009.3484042863803,0.03764805080052253,lucc2005,Albers_Equal_Area(Krassowsky),"pixel_count x 1000000 m2 (projected, metre, all_touched=False)",1000.0m x 1000.0m,38,56,,94.0
2005,昌平区,51,112000000.0,112.0,1342.8919853437842,0.08340209132406706,lucc2005,Albers_Equal_Area(Krassowsky),"pixel_count x 1000000 m2 (projected, metre, all_touched=False)",1000.0m x 1000.0m,112,31,,143.0
2005,大兴区,51,126000000.0,126.0,1050.5526925299284,0.119936868370275,lucc2005,Albers_Equal_Area(Krassowsky),"pixel_count x 1000000 m2 (projected, metre, all_touched=False)",1000.0m x 1000.0m,126,20,,146.0
2005,怀柔区,51,19000000.0,19.0,2122.4003926274527,0.008952128008456833,lucc2005,Albers_Equal_Area(Krassowsky),"pixel_count x 1000000 m2 (projected, metre, all_touched=False)",1000.0m x 1000.0m,19,18,,37.0
2005,平谷区,51,22000000.0,22.0,948.1690396310179,0.023202613753937115,lucc2005,Albers_Equal_Area(Krassowsky),"pixel_count x 1000000 m2 (projected, metre, all_touched=False)",1000.0m x 1000.0m,22,3,,25.0
2005,密云区,51,25000000.0,25.0,2226.1261094989436,0.011230271229165447,lucc2005,Albers_Equal_Area(Krassowsky),"pixel_count x 1000000 m2 (projected, metre, all_touched=False)",1000.0m x 1000.0m,25,18,,43.0
2005,延庆区,51,14000000.0,14.0,1995.0824804700792,0.00701725374115928,lucc2005,Albers_Equal_Area(Krassowsky),"pixel_count x 1000000 m2 (projected, metre, all_touched=False)",1000.0m x 1000.0m,14,15,,29.0
2010,东城区,51,42000000.0,42.0,42.0025631540362,0.9999389762470733,lucc2010,Albers_Equal_Area(Krassowsky),"pixel_count x 1000000 m2 (projected, metre, all_touched=False)",1000.0m x 1000.0m,42,0,,42.0
2010,西城区,51,48000000.0,48.0,50.52575450451651,0.9500105534437743,lucc2010,Albers_Equal_Area(Krassowsky),"pixel_count x 1000000 m2 (projected, metre, all_touched=False)",1000.0m x 1000.0m,48,0,,48.0
2010,朝阳区,51,310000000.0,310.0,464.5070469109955,0.6673741594697471,lucc2010,Albers_Equal_Area(Krassowsky),"pixel_count x 1000000 m2 (projected, metre, all_touched=False)",1000.0m x 1000.0m,310,15,,325.0
2010,丰台区,51,188000000.0,188.0,303.33278060397447,0.6197813491363112,lucc2010,Albers_Equal_Area(Krassowsky),"pixel_count x 1000000 m2 (projected, metre, all_touched=False)",1000.0m x 1000.0m,188,7,,195.0
2010,石景山区,51,58000000.0,58.0,85.13950058594804,0.6812349097755066,lucc2010,Albers_Equal_Area(Krassowsky),"pixel_count x 1000000 m2 (projected, metre, all_touched=False)",1000.0m x 1000.0m,58,2,,60.0
2010,海淀区,51,191000000.0,191.0,430.46319807851023,0.4437080820209034,lucc2010,Albers_Equal_Area(Krassowsky),"pixel_count x 1000000 m2 (projected, metre, all_touched=False)",1000.0m x 1000.0m,191,13,,204.0
2010,门头沟区,51,30000000.0,30.0,1448.001422932043,0.020718211684663482,lucc2010,Albers_Equal_Area(Krassowsky),"pixel_count x 1000000 m2 (projected, metre, all_touched=False)",1000.0m x 1000.0m,30,10,,40.0
2010,房山区,51,75000000.0,75.0,1998.3481965999679,0.03753099691415469,lucc2010,Albers_Equal_Area(Krassowsky),"pixel_count x 1000000 m2 (projected, metre, all_touched=False)",1000.0m x 1000.0m,75,47,,122.0
2010,通州区,51,68000000.0,68.0,889.0563081543647,0.07648559419275086,lucc2010,Albers_Equal_Area(Krassowsky),"pixel_count x 1000000 m2 (projected, metre, all_touched=False)",1000.0m x 1000.0m,68,22,,90.0
2010,顺义区,51,40000000.0,40.0,1009.3484042863803,0.03962952715844477,lucc2010,Albers_Equal_Area(Krassowsky),"pixel_count x 1000000 m2 (projected, metre, all_touched=False)",1000.0m x 1000.0m,40,67,,107.0
2010,昌平区,51,136000000.0,136.0,1342.8919853437842,0.10127396803636714,lucc2010,Albers_Equal_Area(Krassowsky),"pixel_count x 1000000 m2 (projected, metre, all_touched=False)",1000.0m x 1000.0m,136,31,,167.0
2010,大兴区,51,151000000.0,151.0,1050.5526925299284,0.14373386606278987,lucc2010,Albers_Equal_Area(Krassowsky),"pixel_count x 1000000 m2 (projected, metre, all_touched=False)",1000.0m x 1000.0m,151,17,,168.0
2010,怀柔区,51,20000000.0,20.0,2122.4003926274527,0.009423292640480876,lucc2010,Albers_Equal_Area(Krassowsky),"pixel_count x 1000000 m2 (projected, metre, all_touched=False)",1000.0m x 1000.0m,20,19,,39.0
2010,平谷区,51,24000000.0,24.0,948.1690396310179,0.025311942277022305,lucc2010,Albers_Equal_Area(Krassowsky),"pixel_count x 1000000 m2 (projected, metre, all_touched=False)",1000.0m x 1000.0m,24,5,,29.0
2010,密云区,51,25000000.0,25.0,2226.1261094989436,0.011230271229165447,lucc2010,Albers_Equal_Area(Krassowsky),"pixel_count x 1000000 m2 (projected, metre, all_touched=False)",1000.0m x 1000.0m,25,19,,44.0
2010,延庆区,51,14000000.0,14.0,1995.0824804700792,0.00701725374115928,lucc2010,Albers_Equal_Area(Krassowsky),"pixel_count x 1000000 m2 (projected, metre, all_touched=False)",1000.0m x 1000.0m,14,20,,34.0
2015,东城区,51,42000000.0,42.0,42.0025631540362,0.9999389762470733,lucc2015,Albers_Equal_Area(Krassowsky),"pixel_count x 1000000 m2 (projected, metre, all_touched=False)",1000.0m x 1000.0m,42,0,,42.0
2015,西城区,51,48000000.0,48.0,50.52575450451651,0.9500105534437743,lucc2015,Albers_Equal_Area(Krassowsky),"pixel_count x 1000000 m2 (projected, metre, all_touched=False)",1000.0m x 1000.0m,48,0,,48.0
2015,朝阳区,51,310000000.0,310.0,464.5070469109955,0.6673741594697471,lucc2015,Albers_Equal_Area(Krassowsky),"pixel_count x 1000000 m2 (projected, metre, all_touched=False)",1000.0m x 1000.0m,310,16,,326.0
2015,丰台区,51,190000000.0,190.0,303.33278060397447,0.6263747677441444,lucc2015,Albers_Equal_Area(Krassowsky),"pixel_count x 1000000 m2 (projected, metre, all_touched=False)",1000.0m x 1000.0m,190,7,,197.0
2015,石景山区,51,58000000.0,58.0,85.13950058594804,0.6812349097755066,lucc2015,Albers_Equal_Area(Krassowsky),"pixel_count x 1000000 m2 (projected, metre, all_touched=False)",1000.0m x 1000.0m,58,2,,60.0
2015,海淀区,51,190000000.0,190.0,430.46319807851023,0.44138500305744316,lucc2015,Albers_Equal_Area(Krassowsky),"pixel_count x 1000000 m2 (projected, metre, all_touched=False)",1000.0m x 1000.0m,190,12,,202.0
2015,门头沟区,51,34000000.0,34.0,1448.001422932043,0.02348063990928528,lucc2015,Albers_Equal_Area(Krassowsky),"pixel_count x 1000000 m2 (projected, metre, all_touched=False)",1000.0m x 1000.0m,34,11,,45.0
2015,房山区,51,76000000.0,76.0,1998.3481965999679,0.03803141020634342,lucc2015,Albers_Equal_Area(Krassowsky),"pixel_count x 1000000 m2 (projected, metre, all_touched=False)",1000.0m x 1000.0m,76,52,,128.0
2015,通州区,51,70000000.0,70.0,889.0563081543647,0.07873517049253766,lucc2015,Albers_Equal_Area(Krassowsky),"pixel_count x 1000000 m2 (projected, metre, all_touched=False)",1000.0m x 1000.0m,70,23,,93.0
2015,顺义区,51,42000000.0,42.0,1009.3484042863803,0.04161100351636701,lucc2015,Albers_Equal_Area(Krassowsky),"pixel_count x 1000000 m2 (projected, metre, all_touched=False)",1000.0m x 1000.0m,42,68,,110.0
2015,昌平区,51,138000000.0,138.0,1342.8919853437842,0.10276329109572548,lucc2015,Albers_Equal_Area(Krassowsky),"pixel_count x 1000000 m2 (projected, metre, all_touched=False)",1000.0m x 1000.0m,138,31,,169.0
2015,大兴区,51,154000000.0,154.0,1050.5526925299284,0.14658950578589167,lucc2015,Albers_Equal_Area(Krassowsky),"pixel_count x 1000000 m2 (projected, metre, all_touched=False)",1000.0m x 1000.0m,154,23,,177.0
2015,怀柔区,51,20000000.0,20.0,2122.4003926274527,0.009423292640480876,lucc2015,Albers_Equal_Area(Krassowsky),"pixel_count x 1000000 m2 (projected, metre, all_touched=False)",1000.0m x 1000.0m,20,23,,43.0
2015,平谷区,51,24000000.0,24.0,948.1690396310179,0.025311942277022305,lucc2015,Albers_Equal_Area(Krassowsky),"pixel_count x 1000000 m2 (projected, metre, all_touched=False)",1000.0m x 1000.0m,24,9,,33.0
2015,密云区,51,24000000.0,24.0,2226.1261094989436,0.01078106037999883,lucc2015,Albers_Equal_Area(Krassowsky),"pixel_count x 1000000 m2 (projected, metre, all_touched=False)",1000.0m x 1000.0m,24,17,,41.0
2015,延庆区,51,14000000.0,14.0,1995.0824804700792,0.00701725374115928,lucc2015,Albers_Equal_Area(Krassowsky),"pixel_count x 1000000 m2 (projected, metre, all_touched=False)",1000.0m x 1000.0m,14,21,,35.0
2020,东城区,51,42000000.0,42.0,42.0025631540362,0.9999389762470733,ld2020,Albers_Equal_Area(Krassowsky),"pixel_count x 1000000 m2 (projected, metre, all_touched=False)",1000.0m x 1000.0m,42,0,,42.0
2020,西城区,51,50000000.0,50.0,50.52575450451651,0.9895943265039315,ld2020,Albers_Equal_Area(Krassowsky),"pixel_count x 1000000 m2 (projected, metre, all_touched=False)",1000.0m x 1000.0m,50,0,,50.0
2020,朝阳区,51,329000000.0,329.0,464.5070469109955,0.7082777369856348,ld2020,Albers_Equal_Area(Krassowsky),"pixel_count x 1000000 m2 (projected, metre, all_touched=False)",1000.0m x 1000.0m,329,12,,341.0
2020,丰台区,51,169000000.0,169.0,303.33278060397447,0.5571438723618968,ld2020,Albers_Equal_Area(Krassowsky),"pixel_count x 1000000 m2 (projected, metre, all_touched=False)",1000.0m x 1000.0m,169,7,,176.0
2020,石景山区,51,56000000.0,56.0,85.13950058594804,0.6577440508177305,ld2020,Albers_Equal_Area(Krassowsky),"pixel_count x 1000000 m2 (projected, metre, all_touched=False)",1000.0m x 1000.0m,56,0,,56.0
2020,海淀区,51,226000000.0,226.0,430.46319807851023,0.5250158457420113,ld2020,Albers_Equal_Area(Krassowsky),"pixel_count x 1000000 m2 (projected, metre, all_touched=False)",1000.0m x 1000.0m,226,4,,230.0
2020,门头沟区,51,16000000.0,16.0,1448.001422932043,0.01104971289848719,ld2020,Albers_Equal_Area(Krassowsky),"pixel_count x 1000000 m2 (projected, metre, all_touched=False)",1000.0m x 1000.0m,16,13,,29.0
2020,房山区,51,41000000.0,41.0,1998.3481965999679,0.0205169449797379,ld2020,Albers_Equal_Area(Krassowsky),"pixel_count x 1000000 m2 (projected, metre, all_touched=False)",1000.0m x 1000.0m,41,61,,102.0
2020,通州区,51,95000000.0,95.0,889.0563081543647,0.10685487423987253,ld2020,Albers_Equal_Area(Krassowsky),"pixel_count x 1000000 m2 (projected, metre, all_touched=False)",1000.0m x 1000.0m,95,35,,130.0
2020,顺义区,51,36000000.0,36.0,1009.3484042863803,0.035666574442600296,ld2020,Albers_Equal_Area(Krassowsky),"pixel_count x 1000000 m2 (projected, metre, all_touched=False)",1000.0m x 1000.0m,36,43,,79.0
2020,昌平区,51,137000000.0,137.0,1342.8919853437842,0.1020186295660463,ld2020,Albers_Equal_Area(Krassowsky),"pixel_count x 1000000 m2 (projected, metre, all_touched=False)",1000.0m x 1000.0m,137,39,,176.0
2020,大兴区,51,207000000.0,207.0,1050.5526925299284,0.1970391408940232,ld2020,Albers_Equal_Area(Krassowsky),"pixel_count x 1000000 m2 (projected, metre, all_touched=False)",1000.0m x 1000.0m,207,76,,283.0
2020,怀柔区,51,21000000.0,21.0,2122.4003926274527,0.00989445727250492,ld2020,Albers_Equal_Area(Krassowsky),"pixel_count x 1000000 m2 (projected, metre, all_touched=False)",1000.0m x 1000.0m,21,11,,32.0
2020,平谷区,51,22000000.0,22.0,948.1690396310179,0.023202613753937115,ld2020,Albers_Equal_Area(Krassowsky),"pixel_count x 1000000 m2 (projected, metre, all_touched=False)",1000.0m x 1000.0m,22,14,,36.0
2020,密云区,51,32000000.0,32.0,2226.1261094989436,0.014374747173331773,ld2020,Albers_Equal_Area(Krassowsky),"pixel_count x 1000000 m2 (projected, metre, all_touched=False)",1000.0m x 1000.0m,32,22,,54.0
2020,延庆区,51,18000000.0,18.0,1995.0824804700792,0.009022183381490504,ld2020,Albers_Equal_Area(Krassowsky),"pixel_count x 1000000 m2 (projected, metre, all_touched=False)",1000.0m x 1000.0m,18,14,,32.0
