district,layer_no,layer_bucket,layer_area_m2,layer_area_fraction,area_at_or_deeper_m2,area_at_or_deeper_fraction,valid_total_m2,floor_area_coverage,depth_shallow_m,depth_central_m,depth_deep_m,n_assets
东城区,B1,B1,192748.17,0.588156,327716.0,1.0,327716.0,1.0,3.5,5.0,5.5,126
东城区,B2,B2,77459.17,0.236361,134967.83,0.411844,327716.0,1.0,7.0,9.0,11.0,126
东城区,B3,B3,43766.17,0.133549,57508.67,0.175483,327716.0,1.0,10.5,13.0,16.5,126
东城区,B4,B4,13742.5,0.041934,13742.5,0.041934,327716.0,1.0,14.0,17.0,22.0,126
东城区,B5+,B5+,0.0,0.0,0.0,0.0,327716.0,1.0,17.5,21.0,27.5,126
丰台区,B1,B1,487532.0,0.496998,980954.0,1.0,980954.0,0.992189,3.5,5.0,5.5,246
丰台区,B2,B2,316962.0,0.323116,493422.0,0.503002,980954.0,0.992189,7.0,9.0,11.0,246
丰台区,B3,B3,145281.5,0.148102,176460.0,0.179886,980954.0,0.992189,10.5,13.0,16.5,246
丰台区,B4,B4,31178.5,0.031784,31178.5,0.031784,980954.0,0.992189,14.0,17.0,22.0,246
丰台区,B5+,B5+,0.0,0.0,0.0,0.0,980954.0,0.992189,17.5,21.0,27.5,246
大兴区,B1,B1,1739125.08,0.524891,3313308.0,1.0,3313308.0,0.999926,3.5,5.0,5.5,790
大兴区,B2,B2,1284311.08,0.387622,1574182.92,0.475109,3313308.0,0.999926,7.0,9.0,11.0,790
大兴区,B3,B3,256762.58,0.077494,289871.83,0.087487,3313308.0,0.999926,10.5,13.0,16.5,790
大兴区,B4,B4,33109.25,0.009993,33109.25,0.009993,3313308.0,0.999926,14.0,17.0,22.0,790
大兴区,B5+,B5+,0.0,0.0,0.0,0.0,3313308.0,0.999926,17.5,21.0,27.5,790
密云区,B1,B1,116344.83,0.546399,212930.0,1.0,212930.0,0.945246,3.5,5.0,5.5,94
密云区,B2,B2,79382.83,0.372812,96585.17,0.453601,212930.0,0.945246,7.0,9.0,11.0,94
密云区,B3,B3,17202.33,0.080789,17202.33,0.080789,212930.0,0.945246,10.5,13.0,16.5,94
密云区,B4,B4,0.0,0.0,0.0,0.0,212930.0,0.945246,14.0,17.0,22.0,94
密云区,B5+,B5+,0.0,0.0,0.0,0.0,212930.0,0.945246,17.5,21.0,27.5,94
平谷区,B1,B1,52968.83,0.682967,77557.0,1.0,77557.0,0.99141,3.5,5.0,5.5,17
平谷区,B2,B2,14021.83,0.180794,24588.17,0.317033,77557.0,0.99141,7.0,9.0,11.0,17
平谷区,B3,B3,10566.33,0.13624,10566.33,0.13624,77557.0,0.99141,10.5,13.0,16.5,17
平谷区,B4,B4,0.0,0.0,0.0,0.0,77557.0,0.99141,14.0,17.0,22.0,17
平谷区,B5+,B5+,0.0,0.0,0.0,0.0,77557.0,0.99141,17.5,21.0,27.5,17
延庆区,B1,B1,94339.0,0.817262,115433.0,1.0,115433.0,1.0,3.5,5.0,5.5,39
延庆区,B2,B2,18737.0,0.162319,21094.0,0.182738,115433.0,1.0,7.0,9.0,11.0,39
延庆区,B3,B3,2357.0,0.020419,2357.0,0.020419,115433.0,1.0,10.5,13.0,16.5,39
延庆区,B4,B4,0.0,0.0,0.0,0.0,115433.0,1.0,14.0,17.0,22.0,39
延庆区,B5+,B5+,0.0,0.0,0.0,0.0,115433.0,1.0,17.5,21.0,27.5,39
怀柔区,B1,B1,322844.0,0.612742,526884.0,1.0,526884.0,1.0,3.5,5.0,5.5,93
怀柔区,B2,B2,187423.0,0.35572,204040.0,0.387258,526884.0,1.0,7.0,9.0,11.0,93
怀柔区,B3,B3,16617.0,0.031538,16617.0,0.031538,526884.0,1.0,10.5,13.0,16.5,93
怀柔区,B4,B4,0.0,0.0,0.0,0.0,526884.0,1.0,14.0,17.0,22.0,93
怀柔区,B5+,B5+,0.0,0.0,0.0,0.0,526884.0,1.0,17.5,21.0,27.5,93
房山区,B1,B1,436203.17,0.508974,857025.0,1.0,857025.0,1.0,3.5,5.0,5.5,261
房山区,B2,B2,336336.17,0.392446,420821.83,0.491026,857025.0,1.0,7.0,9.0,11.0,261
房山区,B3,B3,84485.67,0.09858,84485.67,0.09858,857025.0,1.0,10.5,13.0,16.5,261
房山区,B4,B4,0.0,0.0,0.0,0.0,857025.0,1.0,14.0,17.0,22.0,261
房山区,B5+,B5+,0.0,0.0,0.0,0.0,857025.0,1.0,17.5,21.0,27.5,261
昌平区,B1,B1,967937.92,0.634569,1525348.0,1.0,1525348.0,1.0,3.5,5.0,5.5,475
昌平区,B2,B2,491178.92,0.322011,557410.08,0.365431,1525348.0,1.0,7.0,9.0,11.0,475
昌平区,B3,B3,64260.92,0.042129,66231.17,0.04342,1525348.0,1.0,10.5,13.0,16.5,475
昌平区,B4,B4,1970.25,0.001292,1970.25,0.001292,1525348.0,1.0,14.0,17.0,22.0,475
昌平区,B5+,B5+,0.0,0.0,0.0,0.0,1525348.0,1.0,17.5,21.0,27.5,475
朝阳区,B1,B1,73934.83,0.803753,91987.0,1.0,91987.0,1.0,3.5,5.0,5.5,52
朝阳区,B2,B2,13967.83,0.151846,18052.17,0.196247,91987.0,1.0,7.0,9.0,11.0,52
朝阳区,B3,B3,3864.33,0.04201,4084.33,0.044401,91987.0,1.0,10.5,13.0,16.5,52
朝阳区,B4,B4,220.0,0.002392,220.0,0.002392,91987.0,1.0,14.0,17.0,22.0,52
朝阳区,B5+,B5+,0.0,0.0,0.0,0.0,91987.0,1.0,17.5,21.0,27.5,52
未解析,B1,B1,101958.67,0.569506,179030.0,1.0,179030.0,0.996466,3.5,5.0,5.5,49
未解析,B2,B2,42322.67,0.2364,77071.33,0.430494,179030.0,0.996466,7.0,9.0,11.0,49
未解析,B3,B3,34748.67,0.194094,34748.67,0.194094,179030.0,0.996466,10.5,13.0,16.5,49
未解析,B4,B4,0.0,0.0,0.0,0.0,179030.0,0.996466,14.0,17.0,22.0,49
未解析,B5+,B5+,0.0,0.0,0.0,0.0,179030.0,0.996466,17.5,21.0,27.5,49
海淀区,B1,B1,248794.92,0.794037,313329.0,1.0,313329.0,0.993623,3.5,5.0,5.5,183
海淀区,B2,B2,52438.92,0.167361,64534.08,0.205963,313329.0,0.993623,7.0,9.0,11.0,183
海淀区,B3,B3,7533.92,0.024045,12095.17,0.038602,313329.0,0.993623,10.5,13.0,16.5,183
海淀区,B4,B4,4561.25,0.014557,4561.25,0.014557,313329.0,0.993623,14.0,17.0,22.0,183
海淀区,B5+,B5+,0.0,0.0,0.0,0.0,313329.0,0.993623,17.5,21.0,27.5,183
石景山区,B1,B1,258144.83,0.522801,493773.0,1.0,493773.0,1.0,3.5,5.0,5.5,90
石景山区,B2,B2,180290.83,0.365129,235628.17,0.477199,493773.0,1.0,7.0,9.0,11.0,90
石景山区,B3,B3,37382.33,0.075708,55337.33,0.11207,493773.0,1.0,10.5,13.0,16.5,90
石景山区,B4,B4,17955.0,0.036363,17955.0,0.036363,493773.0,1.0,14.0,17.0,22.0,90
石景山区,B5+,B5+,0.0,0.0,0.0,0.0,493773.0,1.0,17.5,21.0,27.5,90
西城区,B1,B1,184515.75,0.471367,391448.0,1.0,391448.0,1.0,3.5,5.0,5.5,122
西城区,B2,B2,111773.75,0.285539,206932.25,0.528633,391448.0,1.0,7.0,9.0,11.0,122
西城区,B3,B3,66964.25,0.171068,95158.5,0.243094,391448.0,1.0,10.5,13.0,16.5,122
西城区,B4,B4,28194.25,0.072026,28194.25,0.072026,391448.0,1.0,14.0,17.0,22.0,122
西城区,B5+,B5+,0.0,0.0,0.0,0.0,391448.0,1.0,17.5,21.0,27.5,122
通州区,B1,B1,837066.83,0.562538,1488019.0,1.0,1488019.0,1.0,3.5,5.0,5.5,351
通州区,B2,B2,567158.83,0.38115,650952.17,0.437462,1488019.0,1.0,7.0,9.0,11.0,351
通州区,B3,B3,83793.33,0.056312,83793.33,0.056312,1488019.0,1.0,10.5,13.0,16.5,351
通州区,B4,B4,0.0,0.0,0.0,0.0,1488019.0,1.0,14.0,17.0,22.0,351
通州区,B5+,B5+,0.0,0.0,0.0,0.0,1488019.0,1.0,17.5,21.0,27.5,351
门头沟区,B1,B1,137320.25,0.408381,336255.0,1.0,336255.0,1.0,3.5,5.0,5.5,79
门头沟区,B2,B2,114610.25,0.340843,198934.75,0.591619,336255.0,1.0,7.0,9.0,11.0,79
门头沟区,B3,B3,76866.75,0.228597,84324.5,0.250775,336255.0,1.0,10.5,13.0,16.5,79
门头沟区,B4,B4,7457.75,0.022179,7457.75,0.022179,336255.0,1.0,14.0,17.0,22.0,79
门头沟区,B5+,B5+,0.0,0.0,0.0,0.0,336255.0,1.0,17.5,21.0,27.5,79
顺义区,B1,B1,496349.0,0.71489,694301.0,1.0,694301.0,0.995731,3.5,5.0,5.5,197
顺义区,B2,B2,185552.0,0.26725,197952.0,0.28511,694301.0,0.995731,7.0,9.0,11.0,197
顺义区,B3,B3,12400.0,0.01786,12400.0,0.01786,694301.0,0.995731,10.5,13.0,16.5,197
顺义区,B4,B4,0.0,0.0,0.0,0.0,694301.0,0.995731,14.0,17.0,22.0,197
顺义区,B5+,B5+,0.0,0.0,0.0,0.0,694301.0,0.995731,17.5,21.0,27.5,197
