district,district_en,deepest_source,T_deepest,depth_at_deepest_m,C_at_deepest,in_contact_at_deepest,depth_2025_12_m,rebound_since_deepest_m,pre_deepest_episode,first_contact_after_deepest,first_contact_layers,C_at_first_pct,C_2025_12_pct,rise_pp_per_year,months_since_first,granularity_at_first,status
房山区,Fangshan,annual,2005-12,20.0,0.0,False,4.92,15.08,"contact episode before deepest (2000, 2001, 2002, 2003, 2004), lost by T_d",2006-12,B3,9.86,100.0,4.74,228.0,annual,persistent_at_2025_12
大兴区,Daxing,annual,2009-12,19.3,0.0,False,9.18,10.12,"contact episode before deepest (2000, 2001, 2002, 2003, 2004, 2005), lost by T_d; near-tie with monthly window (2019-09, 18.5 m)",2020-02,B4,1.0,8.75,1.33,70.0,monthly,persistent_at_2025_12
丰台区,Fengtai,monthly,2020-05,21.98,0.0,False,10.79,11.19,,2021-10,B4,3.18,17.99,3.55,50.0,monthly,persistent_at_2025_12
怀柔区,Huairou,annual,2014-12,22.6,0.0,False,6.49,16.12,"contact episode before deepest (2000, 2001, 2002, 2003), lost by T_d",2021-10,B3,3.15,38.73,8.54,50.0,monthly,persistent_at_2025_12
西城区,Xicheng,monthly,2020-08,25.79,0.0,False,11.73,14.05,,2023-01,B4,7.2,24.31,5.87,35.0,monthly,persistent_at_2025_12
海淀区,Haidian,monthly,2019-09,27.49,0.0,False,8.19,19.3,,2023-01,B4,1.46,20.6,6.56,35.0,monthly,persistent_at_2025_12
东城区,Dongcheng,monthly,2020-08,25.28,0.0,False,12.95,12.34,,2024-03,B4,4.19,17.55,7.63,21.0,monthly,persistent_at_2025_12
昌平区,Changping,annual,2014-12,32.3,0.0,False,10.74,21.55,"contact episode before deepest (2000), lost by T_d",2024-03,B4,0.13,4.34,2.41,21.0,monthly,persistent_at_2025_12
门头沟区,Mentougou,monthly,2020-05,41.16,0.0,False,15.46,25.7,"contact episode before deepest (2017, 2018), lost by T_d",2024-09,B4,2.22,2.22,0.0,15.0,monthly,persistent_at_2025_12
石景山区,Shijingshan,monthly,2021-04,37.03,0.0,False,16.66,20.37,,2025-05,B4,3.64,3.64,0.0,7.0,monthly,persistent_at_2025_12
密云区,Miyun,annual,2017-12,31.3,0.0,False,13.65,17.65,,2025-09,B3,8.08,0.0,-32.32,3.0,monthly,transient_ended
朝阳区,Chaoyang,monthly,2019-09,31.73,0.0,False,19.14,12.59,,,,,0.0,,,,no_contact_through_2025
通州区,Tongzhou,monthly,2020-05,10.27,0.056312,True,5.19,5.08,,,,,43.75,,,,excluded_in_contact_at_deepest
顺义区,Shunyi,annual,2014-12,34.4,0.0,False,14.69,19.71,,,,,0.0,,,,no_contact_through_2025
平谷区,Pinggu,annual,2016-12,42.4,0.0,False,14.97,27.43,,,,,0.0,,,,no_contact_through_2025
延庆区,Yanqing,monthly,2019-09,11.26,0.020419,True,4.3,6.96,"near-tie with annual window (2014-12, 10.4 m)",,,,100.0,,,,excluded_in_contact_at_deepest
