district,district_en,t,boundary,T_d,wait_months,wait_years_frac,C_first_pp,C_deepest_pp,numerator_pp,S1pp_pp_per_month,S1pp_annualized_pp_per_year,S1pp_year_version,delta,status,note
大兴区,Daxing,2020-02,2015-12,2009-12,122.0,10.167,1.0,0.0,1.0,0.0082,0.1,0.09,0.01,persistent_at_2025_12,
丰台区,Fengtai,2021-10,2020-05,2020-05,17.0,1.417,3.18,0.0,3.18,0.1871,2.24,3.18,-0.94,persistent_at_2025_12,
怀柔区,Huairou,2021-10,2015-12,2014-12,82.0,6.833,3.15,0.0,3.15,0.0384,0.46,0.45,0.01,persistent_at_2025_12,
西城区,Xicheng,2023-01,2020-08,2020-08,29.0,2.417,7.2,0.0,7.2,0.2483,2.98,2.4,0.58,persistent_at_2025_12,
海淀区,Haidian,2023-01,2019-09,2019-09,40.0,3.333,1.46,0.0,1.46,0.0365,0.44,0.36,0.08,persistent_at_2025_12,
东城区,Dongcheng,2024-03,2020-08,2020-08,43.0,3.583,4.19,0.0,4.19,0.0974,1.17,1.05,0.12,persistent_at_2025_12,
昌平区,Changping,2024-03,2015-12,2014-12,111.0,9.25,0.13,0.0,0.13,0.0012,0.01,0.01,0.0,persistent_at_2025_12,
门头沟区,Mentougou,2024-09,2020-05,2020-05,52.0,4.333,2.22,0.0,2.22,0.0427,0.51,,,persistent_at_2025_12,2015-after event predates T_d (depletion-era episode); recovery-era first contact used
石景山区,Shijingshan,2025-05,2021-04,2021-04,49.0,4.083,3.64,0.0,3.64,0.0743,0.89,0.91,-0.02,persistent_at_2025_12,
密云区,Miyun,2025-09,2017-12,2017-12,93.0,7.75,8.08,0.0,8.08,0.0869,1.04,1.01,0.03,transient_ended,
朝阳区,Chaoyang,,,2019-09,,,,0.0,,,,,,no_contact_through_2025,
房山区,Fangshan,,,2005-12,,,,0.0,,,,,,excluded_pre_existing_contact,
通州区,Tongzhou,,,2020-05,,,,5.63,,,,,,excluded_pre_existing_contact,
顺义区,Shunyi,,,2014-12,,,,0.0,,,,,,no_contact_through_2025,
平谷区,Pinggu,,,2016-12,,,,0.0,,,,,,no_contact_through_2025,
延庆区,Yanqing,,,2019-09,,,,2.04,,,,,,excluded_pre_existing_contact,
