district,layer_bucket,old_area_m2,new_area_m2,old_fraction,new_fraction
大兴区,B1,1739125.0833333333,1737559.0833333333,0.5248908593264898,0.5246661978298228
大兴区,B2,1284311.0833333333,1284311.0833333333,0.3876220029448917,0.38780529501794925
大兴区,B3,256762.5833333333,256762.5833333333,0.07749432993652668,0.07753097413184158
大兴区,B4,33109.25,33109.25,0.00999280779209177,0.00999753302038625
大兴区,B5+,0.0,0.0,0.0,0.0
通州区,B1,837066.8333333334,838632.8333333334,0.5625377319330824,0.562997635806841
通州区,B2,567158.8333333334,567158.8333333334,0.38115026309027866,0.3807495600004923
通州区,B3,83793.33333333333,83793.33333333333,0.05631200497663896,0.056252804192666636
通州区,B4,0.0,0.0,0.0,0.0
通州区,B5+,0.0,0.0,0.0,0.0
