scenario,district,year_month,groundwater_depth_m,old_encounter_fraction,new_encounter_fraction,change_pp
shallow,大兴区,2019-09,18.53,0.0,0.0,0.0
shallow,大兴区,2019-10,18.2,0.0,0.0,0.0
shallow,大兴区,2019-11,17.94,0.0,0.0,0.0
shallow,大兴区,2019-12,17.9,0.0,0.0,0.0
shallow,大兴区,2020-01,17.26,0.0,0.0,0.0
shallow,大兴区,2020-02,16.89,0.0,0.0,0.0
shallow,大兴区,2020-03,16.74,0.0,0.0,0.0
shallow,大兴区,2020-04,17.58,0.0,0.0,0.0
shallow,大兴区,2020-05,18.2,0.0,0.0,0.0
shallow,大兴区,2020-06,18.13,0.0,0.0,0.0
shallow,大兴区,2020-07,18.36,0.0,0.0,0.0
shallow,大兴区,2020-08,17.43,0.0,0.0,0.0
shallow,大兴区,2020-09,17.4,0.0,0.0,0.0
shallow,大兴区,2020-10,17.47,0.0,0.0,0.0
shallow,大兴区,2020-11,17.52,0.0,0.0,0.0
shallow,大兴区,2020-12,16.84,0.0,0.0,0.0
shallow,大兴区,2021-01,16.5,0.0,0.0,0.0
shallow,大兴区,2021-02,16.45,0.0,0.0,0.0
shallow,大兴区,2021-03,16.85,0.0,0.0,0.0
shallow,大兴区,2021-04,17.62,0.0,0.0,0.0
shallow,大兴区,2021-05,18.45,0.0,0.0,0.0
shallow,大兴区,2021-06,18.45,0.0,0.0,0.0
shallow,大兴区,2021-07,16.85,0.0,0.0,0.0
shallow,大兴区,2021-08,16.634999999999998,0.0,0.0,0.0
shallow,大兴区,2021-09,16.066666666666666,0.0,0.0,0.0
shallow,大兴区,2021-10,15.656666666666666,0.0,0.0,0.0
shallow,大兴区,2021-11,15.4575,0.0,0.0,0.0
shallow,大兴区,2021-12,15.2675,0.0,0.0,0.0
shallow,大兴区,2022-01,14.8725,0.0,0.0,0.0
shallow,大兴区,2022-02,15.155,0.0,0.0,0.0
shallow,大兴区,2022-03,15.485,0.0,0.0,0.0
shallow,大兴区,2022-04,16.5675,0.0,0.0,0.0
shallow,大兴区,2022-05,16.935,0.0,0.0,0.0
shallow,大兴区,2022-06,17.442500000000003,0.0,0.0,0.0
shallow,大兴区,2022-07,16.145,0.0,0.0,0.0
shallow,大兴区,2022-08,15.645,0.0,0.0,0.0
shallow,大兴区,2022-09,16.087500000000002,0.0,0.0,0.0
shallow,大兴区,2022-10,15.87,0.0,0.0,0.0
shallow,大兴区,2022-11,15.45,0.0,0.0,0.0
shallow,大兴区,2022-12,14.33,0.0,0.0,0.0
shallow,大兴区,2023-01,14.0375,0.0,0.0,0.0
shallow,大兴区,2023-02,13.9075,0.00999280779209177,0.00999753302038625,0.00047252282944793694
shallow,大兴区,2023-03,14.35,0.0,0.0,0.0
shallow,大兴区,2023-04,15.08,0.0,0.0,0.0
shallow,大兴区,2023-05,15.6275,0.0,0.0,0.0
shallow,大兴区,2023-06,16.392500000000002,0.0,0.0,0.0
shallow,大兴区,2023-07,16.040000000000003,0.0,0.0,0.0
shallow,大兴区,2023-08,14.363529411764704,0.0,0.0,0.0
shallow,大兴区,2023-09,14.0775,0.0,0.0,0.0
shallow,大兴区,2023-10,13.875000000000002,0.00999280779209177,0.00999753302038625,0.00047252282944793694
shallow,大兴区,2023-11,13.9975,0.00999280779209177,0.00999753302038625,0.00047252282944793694
shallow,大兴区,2023-12,13.34,0.00999280779209177,0.00999753302038625,0.00047252282944793694
shallow,大兴区,2024-01,13.0075,0.00999280779209177,0.00999753302038625,0.00047252282944793694
shallow,大兴区,2024-02,12.8175,0.00999280779209177,0.00999753302038625,0.00047252282944793694
shallow,大兴区,2024-03,13.0075,0.00999280779209177,0.00999753302038625,0.00047252282944793694
shallow,大兴区,2024-04,14.125,0.0,0.0,0.0
shallow,大兴区,2024-05,14.607500000000002,0.0,0.0,0.0
shallow,大兴区,2024-06,14.7,0.0,0.0,0.0
shallow,大兴区,2024-07,13.985,0.00999280779209177,0.00999753302038625,0.00047252282944793694
shallow,大兴区,2024-08,13.133333333333336,0.00999280779209177,0.00999753302038625,0.00047252282944793694
shallow,大兴区,2024-09,12.595,0.00999280779209177,0.00999753302038625,0.00047252282944793694
shallow,大兴区,2024-10,12.294999999999998,0.00999280779209177,0.00999753302038625,0.00047252282944793694
shallow,大兴区,2024-11,12.1275,0.00999280779209177,0.00999753302038625,0.00047252282944793694
shallow,大兴区,2024-12,11.7225,0.00999280779209177,0.00999753302038625,0.00047252282944793694
shallow,大兴区,2025-01,11.355,0.00999280779209177,0.00999753302038625,0.00047252282944793694
shallow,大兴区,2025-02,11.1975,0.00999280779209177,0.00999753302038625,0.00047252282944793694
shallow,大兴区,2025-03,11.68,0.00999280779209177,0.00999753302038625,0.00047252282944793694
shallow,大兴区,2025-04,12.57,0.00999280779209177,0.00999753302038625,0.00047252282944793694
shallow,大兴区,2025-05,12.852825,0.00999280779209177,0.00999753302038625,0.00047252282944793694
shallow,大兴区,2025-06,12.8725,0.00999280779209177,0.00999753302038625,0.00047252282944793694
shallow,大兴区,2025-07,12.045,0.00999280779209177,0.00999753302038625,0.00047252282944793694
shallow,大兴区,2025-08,10.9975,0.00999280779209177,0.00999753302038625,0.00047252282944793694
shallow,大兴区,2025-09,10.3375,0.08748713772861845,0.08752850715222783,0.004136942360938312
shallow,大兴区,2025-10,9.8275,0.08748713772861845,0.08752850715222783,0.004136942360938312
shallow,大兴区,2025-11,9.6,0.08748713772861845,0.08752850715222783,0.004136942360938312
shallow,大兴区,2025-12,9.1775,0.08748713772861845,0.08752850715222783,0.004136942360938312
shallow,通州区,2019-09,9.98,0.05631200497663896,0.056252804192666636,-0.0059200783972326865
shallow,通州区,2019-10,9.62,0.05631200497663896,0.056252804192666636,-0.0059200783972326865
shallow,通州区,2019-11,9.29,0.05631200497663896,0.056252804192666636,-0.0059200783972326865
shallow,通州区,2019-12,9.56,0.05631200497663896,0.056252804192666636,-0.0059200783972326865
shallow,通州区,2020-01,9.02,0.05631200497663896,0.056252804192666636,-0.0059200783972326865
shallow,通州区,2020-02,8.86,0.05631200497663896,0.056252804192666636,-0.0059200783972326865
shallow,通州区,2020-03,8.78,0.05631200497663896,0.056252804192666636,-0.0059200783972326865
shallow,通州区,2020-04,9.65,0.05631200497663896,0.056252804192666636,-0.0059200783972326865
shallow,通州区,2020-05,10.27,0.05631200497663896,0.056252804192666636,-0.0059200783972326865
shallow,通州区,2020-06,10.08,0.05631200497663896,0.056252804192666636,-0.0059200783972326865
shallow,通州区,2020-07,9.875,0.05631200497663896,0.056252804192666636,-0.0059200783972326865
shallow,通州区,2020-08,7.6,0.05631200497663896,0.056252804192666636,-0.0059200783972326865
shallow,通州区,2020-09,7.52,0.05631200497663896,0.056252804192666636,-0.0059200783972326865
shallow,通州区,2020-10,7.71,0.05631200497663896,0.056252804192666636,-0.0059200783972326865
shallow,通州区,2020-11,7.69,0.05631200497663896,0.056252804192666636,-0.0059200783972326865
shallow,通州区,2020-12,7.85,0.05631200497663896,0.056252804192666636,-0.0059200783972326865
shallow,通州区,2021-01,7.82,0.05631200497663896,0.056252804192666636,-0.0059200783972326865
shallow,通州区,2021-02,7.8,0.05631200497663896,0.056252804192666636,-0.0059200783972326865
shallow,通州区,2021-03,8.01,0.05631200497663896,0.056252804192666636,-0.0059200783972326865
shallow,通州区,2021-04,8.66,0.05631200497663896,0.056252804192666636,-0.0059200783972326865
shallow,通州区,2021-05,9.03,0.05631200497663896,0.056252804192666636,-0.0059200783972326865
shallow,通州区,2021-06,8.64,0.05631200497663896,0.056252804192666636,-0.0059200783972326865
shallow,通州区,2021-08,7.125,0.05631200497663896,0.056252804192666636,-0.0059200783972326865
shallow,通州区,2021-09,6.523333333333333,0.4374622680669176,0.43700236419315897,-0.045990387375866026
shallow,通州区,2021-10,6.236666666666667,0.4374622680669176,0.43700236419315897,-0.045990387375866026
shallow,通州区,2021-11,6.33,0.4374622680669176,0.43700236419315897,-0.045990387375866026
shallow,通州区,2021-12,6.3325000000000005,0.4374622680669176,0.43700236419315897,-0.045990387375866026
shallow,通州区,2022-01,6.339999999999999,0.4374622680669176,0.43700236419315897,-0.045990387375866026
shallow,通州区,2022-02,6.695,0.4374622680669176,0.43700236419315897,-0.045990387375866026
shallow,通州区,2022-03,6.9525,0.4374622680669176,0.43700236419315897,-0.045990387375866026
shallow,通州区,2022-04,7.6475,0.05631200497663896,0.056252804192666636,-0.0059200783972326865
shallow,通州区,2022-05,7.904999999999999,0.05631200497663896,0.056252804192666636,-0.0059200783972326865
shallow,通州区,2022-06,7.987500000000001,0.05631200497663896,0.056252804192666636,-0.0059200783972326865
shallow,通州区,2022-07,7.027500000000001,0.05631200497663896,0.056252804192666636,-0.0059200783972326865
shallow,通州区,2022-08,6.6875,0.4374622680669176,0.43700236419315897,-0.045990387375866026
shallow,通州区,2022-09,7.215,0.05631200497663896,0.056252804192666636,-0.0059200783972326865
shallow,通州区,2022-10,7.435,0.05631200497663896,0.056252804192666636,-0.0059200783972326865
shallow,通州区,2022-11,7.425000000000001,0.05631200497663896,0.056252804192666636,-0.0059200783972326865
shallow,通州区,2022-12,6.845,0.4374622680669176,0.43700236419315897,-0.045990387375866026
shallow,通州区,2023-01,6.79,0.4374622680669176,0.43700236419315897,-0.045990387375866026
shallow,通州区,2023-02,6.822500000000001,0.4374622680669176,0.43700236419315897,-0.045990387375866026
shallow,通州区,2023-03,7.245,0.05631200497663896,0.056252804192666636,-0.0059200783972326865
shallow,通州区,2023-04,7.875,0.05631200497663896,0.056252804192666636,-0.0059200783972326865
shallow,通州区,2023-05,8.07,0.05631200497663896,0.056252804192666636,-0.0059200783972326865
shallow,通州区,2023-06,8.6075,0.05631200497663896,0.056252804192666636,-0.0059200783972326865
shallow,通州区,2023-07,8.709999999999999,0.05631200497663896,0.056252804192666636,-0.0059200783972326865
shallow,通州区,2023-08,6.920000000000001,0.4374622680669176,0.43700236419315897,-0.045990387375866026
shallow,通州区,2023-09,6.605,0.4374622680669176,0.43700236419315897,-0.045990387375866026
shallow,通州区,2023-10,6.762499999999999,0.4374622680669176,0.43700236419315897,-0.045990387375866026
shallow,通州区,2023-11,6.945,0.4374622680669176,0.43700236419315897,-0.045990387375866026
shallow,通州区,2023-12,6.5775,0.4374622680669176,0.43700236419315897,-0.045990387375866026
shallow,通州区,2024-01,6.4975,0.4374622680669176,0.43700236419315897,-0.045990387375866026
shallow,通州区,2024-02,6.4375,0.4374622680669176,0.43700236419315897,-0.045990387375866026
shallow,通州区,2024-03,6.6725,0.4374622680669176,0.43700236419315897,-0.045990387375866026
shallow,通州区,2024-04,7.529999999999999,0.05631200497663896,0.056252804192666636,-0.0059200783972326865
shallow,通州区,2024-05,7.709999999999999,0.05631200497663896,0.056252804192666636,-0.0059200783972326865
shallow,通州区,2024-06,7.4875,0.05631200497663896,0.056252804192666636,-0.0059200783972326865
shallow,通州区,2024-07,7.129999999999999,0.05631200497663896,0.056252804192666636,-0.0059200783972326865
shallow,通州区,2024-08,5.780000000000001,0.4374622680669176,0.43700236419315897,-0.045990387375866026
shallow,通州区,2024-09,5.3325,0.4374622680669176,0.43700236419315897,-0.045990387375866026
shallow,通州区,2024-10,5.4375,0.4374622680669176,0.43700236419315897,-0.045990387375866026
shallow,通州区,2024-11,5.695,0.4374622680669176,0.43700236419315897,-0.045990387375866026
shallow,通州区,2024-12,5.5325,0.4374622680669176,0.43700236419315897,-0.045990387375866026
shallow,通州区,2025-01,5.515,0.4374622680669176,0.43700236419315897,-0.045990387375866026
shallow,通州区,2025-02,5.595000000000001,0.4374622680669176,0.43700236419315897,-0.045990387375866026
shallow,通州区,2025-03,6.015000000000001,0.4374622680669176,0.43700236419315897,-0.045990387375866026
shallow,通州区,2025-04,6.275,0.4374622680669176,0.43700236419315897,-0.045990387375866026
shallow,通州区,2025-05,6.35,0.4374622680669176,0.43700236419315897,-0.045990387375866026
shallow,通州区,2025-06,6.7275,0.4374622680669176,0.43700236419315897,-0.045990387375866026
shallow,通州区,2025-07,6.535,0.4374622680669176,0.43700236419315897,-0.045990387375866026
shallow,通州区,2025-08,5.807499999999999,0.4374622680669176,0.43700236419315897,-0.045990387375866026
shallow,通州区,2025-09,5.2775,0.4374622680669176,0.43700236419315897,-0.045990387375866026
shallow,通州区,2025-10,5.045,0.4374622680669176,0.43700236419315897,-0.045990387375866026
shallow,通州区,2025-11,5.1825,0.4374622680669176,0.43700236419315897,-0.045990387375866026
shallow,通州区,2025-12,5.1925,0.4374622680669176,0.43700236419315897,-0.045990387375866026
central,大兴区,2019-09,18.53,0.0,0.0,0.0
central,大兴区,2019-10,18.2,0.0,0.0,0.0
central,大兴区,2019-11,17.94,0.0,0.0,0.0
central,大兴区,2019-12,17.9,0.0,0.0,0.0
central,大兴区,2020-01,17.26,0.0,0.0,0.0
central,大兴区,2020-02,16.89,0.00999280779209177,0.00999753302038625,0.00047252282944793694
central,大兴区,2020-03,16.74,0.00999280779209177,0.00999753302038625,0.00047252282944793694
central,大兴区,2020-04,17.58,0.0,0.0,0.0
central,大兴区,2020-05,18.2,0.0,0.0,0.0
central,大兴区,2020-06,18.13,0.0,0.0,0.0
central,大兴区,2020-07,18.36,0.0,0.0,0.0
central,大兴区,2020-08,17.43,0.0,0.0,0.0
central,大兴区,2020-09,17.4,0.0,0.0,0.0
central,大兴区,2020-10,17.47,0.0,0.0,0.0
central,大兴区,2020-11,17.52,0.0,0.0,0.0
central,大兴区,2020-12,16.84,0.00999280779209177,0.00999753302038625,0.00047252282944793694
central,大兴区,2021-01,16.5,0.00999280779209177,0.00999753302038625,0.00047252282944793694
central,大兴区,2021-02,16.45,0.00999280779209177,0.00999753302038625,0.00047252282944793694
central,大兴区,2021-03,16.85,0.00999280779209177,0.00999753302038625,0.00047252282944793694
central,大兴区,2021-04,17.62,0.0,0.0,0.0
central,大兴区,2021-05,18.45,0.0,0.0,0.0
central,大兴区,2021-06,18.45,0.0,0.0,0.0
central,大兴区,2021-07,16.85,0.00999280779209177,0.00999753302038625,0.00047252282944793694
central,大兴区,2021-08,16.634999999999998,0.00999280779209177,0.00999753302038625,0.00047252282944793694
central,大兴区,2021-09,16.066666666666666,0.00999280779209177,0.00999753302038625,0.00047252282944793694
central,大兴区,2021-10,15.656666666666666,0.00999280779209177,0.00999753302038625,0.00047252282944793694
central,大兴区,2021-11,15.4575,0.00999280779209177,0.00999753302038625,0.00047252282944793694
central,大兴区,2021-12,15.2675,0.00999280779209177,0.00999753302038625,0.00047252282944793694
central,大兴区,2022-01,14.8725,0.00999280779209177,0.00999753302038625,0.00047252282944793694
central,大兴区,2022-02,15.155,0.00999280779209177,0.00999753302038625,0.00047252282944793694
central,大兴区,2022-03,15.485,0.00999280779209177,0.00999753302038625,0.00047252282944793694
central,大兴区,2022-04,16.5675,0.00999280779209177,0.00999753302038625,0.00047252282944793694
central,大兴区,2022-05,16.935,0.00999280779209177,0.00999753302038625,0.00047252282944793694
central,大兴区,2022-06,17.442500000000003,0.0,0.0,0.0
central,大兴区,2022-07,16.145,0.00999280779209177,0.00999753302038625,0.00047252282944793694
central,大兴区,2022-08,15.645,0.00999280779209177,0.00999753302038625,0.00047252282944793694
central,大兴区,2022-09,16.087500000000002,0.00999280779209177,0.00999753302038625,0.00047252282944793694
central,大兴区,2022-10,15.87,0.00999280779209177,0.00999753302038625,0.00047252282944793694
central,大兴区,2022-11,15.45,0.00999280779209177,0.00999753302038625,0.00047252282944793694
central,大兴区,2022-12,14.33,0.00999280779209177,0.00999753302038625,0.00047252282944793694
central,大兴区,2023-01,14.0375,0.00999280779209177,0.00999753302038625,0.00047252282944793694
central,大兴区,2023-02,13.9075,0.00999280779209177,0.00999753302038625,0.00047252282944793694
central,大兴区,2023-03,14.35,0.00999280779209177,0.00999753302038625,0.00047252282944793694
central,大兴区,2023-04,15.08,0.00999280779209177,0.00999753302038625,0.00047252282944793694
central,大兴区,2023-05,15.6275,0.00999280779209177,0.00999753302038625,0.00047252282944793694
central,大兴区,2023-06,16.392500000000002,0.00999280779209177,0.00999753302038625,0.00047252282944793694
central,大兴区,2023-07,16.040000000000003,0.00999280779209177,0.00999753302038625,0.00047252282944793694
central,大兴区,2023-08,14.363529411764704,0.00999280779209177,0.00999753302038625,0.00047252282944793694
central,大兴区,2023-09,14.0775,0.00999280779209177,0.00999753302038625,0.00047252282944793694
central,大兴区,2023-10,13.875000000000002,0.00999280779209177,0.00999753302038625,0.00047252282944793694
central,大兴区,2023-11,13.9975,0.00999280779209177,0.00999753302038625,0.00047252282944793694
central,大兴区,2023-12,13.34,0.00999280779209177,0.00999753302038625,0.00047252282944793694
central,大兴区,2024-01,13.0075,0.00999280779209177,0.00999753302038625,0.00047252282944793694
central,大兴区,2024-02,12.8175,0.08748713772861845,0.08752850715222783,0.004136942360938312
central,大兴区,2024-03,13.0075,0.00999280779209177,0.00999753302038625,0.00047252282944793694
central,大兴区,2024-04,14.125,0.00999280779209177,0.00999753302038625,0.00047252282944793694
central,大兴区,2024-05,14.607500000000002,0.00999280779209177,0.00999753302038625,0.00047252282944793694
central,大兴区,2024-06,14.7,0.00999280779209177,0.00999753302038625,0.00047252282944793694
central,大兴区,2024-07,13.985,0.00999280779209177,0.00999753302038625,0.00047252282944793694
central,大兴区,2024-08,13.133333333333336,0.00999280779209177,0.00999753302038625,0.00047252282944793694
central,大兴区,2024-09,12.595,0.08748713772861845,0.08752850715222783,0.004136942360938312
central,大兴区,2024-10,12.294999999999998,0.08748713772861845,0.08752850715222783,0.004136942360938312
central,大兴区,2024-11,12.1275,0.08748713772861845,0.08752850715222783,0.004136942360938312
central,大兴区,2024-12,11.7225,0.08748713772861845,0.08752850715222783,0.004136942360938312
central,大兴区,2025-01,11.355,0.08748713772861845,0.08752850715222783,0.004136942360938312
central,大兴区,2025-02,11.1975,0.08748713772861845,0.08752850715222783,0.004136942360938312
central,大兴区,2025-03,11.68,0.08748713772861845,0.08752850715222783,0.004136942360938312
central,大兴区,2025-04,12.57,0.08748713772861845,0.08752850715222783,0.004136942360938312
central,大兴区,2025-05,12.852825,0.08748713772861845,0.08752850715222783,0.004136942360938312
central,大兴区,2025-06,12.8725,0.08748713772861845,0.08752850715222783,0.004136942360938312
central,大兴区,2025-07,12.045,0.08748713772861845,0.08752850715222783,0.004136942360938312
central,大兴区,2025-08,10.9975,0.08748713772861845,0.08752850715222783,0.004136942360938312
central,大兴区,2025-09,10.3375,0.08748713772861845,0.08752850715222783,0.004136942360938312
central,大兴区,2025-10,9.8275,0.08748713772861845,0.08752850715222783,0.004136942360938312
central,大兴区,2025-11,9.6,0.08748713772861845,0.08752850715222783,0.004136942360938312
central,大兴区,2025-12,9.1775,0.08748713772861845,0.08752850715222783,0.004136942360938312
central,通州区,2019-09,9.98,0.05631200497663896,0.056252804192666636,-0.0059200783972326865
central,通州区,2019-10,9.62,0.05631200497663896,0.056252804192666636,-0.0059200783972326865
central,通州区,2019-11,9.29,0.05631200497663896,0.056252804192666636,-0.0059200783972326865
central,通州区,2019-12,9.56,0.05631200497663896,0.056252804192666636,-0.0059200783972326865
central,通州区,2020-01,9.02,0.05631200497663896,0.056252804192666636,-0.0059200783972326865
central,通州区,2020-02,8.86,0.4374622680669176,0.43700236419315897,-0.045990387375866026
central,通州区,2020-03,8.78,0.4374622680669176,0.43700236419315897,-0.045990387375866026
central,通州区,2020-04,9.65,0.05631200497663896,0.056252804192666636,-0.0059200783972326865
central,通州区,2020-05,10.27,0.05631200497663896,0.056252804192666636,-0.0059200783972326865
central,通州区,2020-06,10.08,0.05631200497663896,0.056252804192666636,-0.0059200783972326865
central,通州区,2020-07,9.875,0.05631200497663896,0.056252804192666636,-0.0059200783972326865
central,通州区,2020-08,7.6,0.4374622680669176,0.43700236419315897,-0.045990387375866026
central,通州区,2020-09,7.52,0.4374622680669176,0.43700236419315897,-0.045990387375866026
central,通州区,2020-10,7.71,0.4374622680669176,0.43700236419315897,-0.045990387375866026
central,通州区,2020-11,7.69,0.4374622680669176,0.43700236419315897,-0.045990387375866026
central,通州区,2020-12,7.85,0.4374622680669176,0.43700236419315897,-0.045990387375866026
central,通州区,2021-01,7.82,0.4374622680669176,0.43700236419315897,-0.045990387375866026
central,通州区,2021-02,7.8,0.4374622680669176,0.43700236419315897,-0.045990387375866026
central,通州区,2021-03,8.01,0.4374622680669176,0.43700236419315897,-0.045990387375866026
central,通州区,2021-04,8.66,0.4374622680669176,0.43700236419315897,-0.045990387375866026
central,通州区,2021-05,9.03,0.05631200497663896,0.056252804192666636,-0.0059200783972326865
central,通州区,2021-06,8.64,0.4374622680669176,0.43700236419315897,-0.045990387375866026
central,通州区,2021-08,7.125,0.4374622680669176,0.43700236419315897,-0.045990387375866026
central,通州区,2021-09,6.523333333333333,0.4374622680669176,0.43700236419315897,-0.045990387375866026
central,通州区,2021-10,6.236666666666667,0.4374622680669176,0.43700236419315897,-0.045990387375866026
central,通州区,2021-11,6.33,0.4374622680669176,0.43700236419315897,-0.045990387375866026
central,通州区,2021-12,6.3325000000000005,0.4374622680669176,0.43700236419315897,-0.045990387375866026
central,通州区,2022-01,6.339999999999999,0.4374622680669176,0.43700236419315897,-0.045990387375866026
central,通州区,2022-02,6.695,0.4374622680669176,0.43700236419315897,-0.045990387375866026
central,通州区,2022-03,6.9525,0.4374622680669176,0.43700236419315897,-0.045990387375866026
central,通州区,2022-04,7.6475,0.4374622680669176,0.43700236419315897,-0.045990387375866026
central,通州区,2022-05,7.904999999999999,0.4374622680669176,0.43700236419315897,-0.045990387375866026
central,通州区,2022-06,7.987500000000001,0.4374622680669176,0.43700236419315897,-0.045990387375866026
central,通州区,2022-07,7.027500000000001,0.4374622680669176,0.43700236419315897,-0.045990387375866026
central,通州区,2022-08,6.6875,0.4374622680669176,0.43700236419315897,-0.045990387375866026
central,通州区,2022-09,7.215,0.4374622680669176,0.43700236419315897,-0.045990387375866026
central,通州区,2022-10,7.435,0.4374622680669176,0.43700236419315897,-0.045990387375866026
central,通州区,2022-11,7.425000000000001,0.4374622680669176,0.43700236419315897,-0.045990387375866026
central,通州区,2022-12,6.845,0.4374622680669176,0.43700236419315897,-0.045990387375866026
central,通州区,2023-01,6.79,0.4374622680669176,0.43700236419315897,-0.045990387375866026
central,通州区,2023-02,6.822500000000001,0.4374622680669176,0.43700236419315897,-0.045990387375866026
central,通州区,2023-03,7.245,0.4374622680669176,0.43700236419315897,-0.045990387375866026
central,通州区,2023-04,7.875,0.4374622680669176,0.43700236419315897,-0.045990387375866026
central,通州区,2023-05,8.07,0.4374622680669176,0.43700236419315897,-0.045990387375866026
central,通州区,2023-06,8.6075,0.4374622680669176,0.43700236419315897,-0.045990387375866026
central,通州区,2023-07,8.709999999999999,0.4374622680669176,0.43700236419315897,-0.045990387375866026
central,通州区,2023-08,6.920000000000001,0.4374622680669176,0.43700236419315897,-0.045990387375866026
central,通州区,2023-09,6.605,0.4374622680669176,0.43700236419315897,-0.045990387375866026
central,通州区,2023-10,6.762499999999999,0.4374622680669176,0.43700236419315897,-0.045990387375866026
central,通州区,2023-11,6.945,0.4374622680669176,0.43700236419315897,-0.045990387375866026
central,通州区,2023-12,6.5775,0.4374622680669176,0.43700236419315897,-0.045990387375866026
central,通州区,2024-01,6.4975,0.4374622680669176,0.43700236419315897,-0.045990387375866026
central,通州区,2024-02,6.4375,0.4374622680669176,0.43700236419315897,-0.045990387375866026
central,通州区,2024-03,6.6725,0.4374622680669176,0.43700236419315897,-0.045990387375866026
central,通州区,2024-04,7.529999999999999,0.4374622680669176,0.43700236419315897,-0.045990387375866026
central,通州区,2024-05,7.709999999999999,0.4374622680669176,0.43700236419315897,-0.045990387375866026
central,通州区,2024-06,7.4875,0.4374622680669176,0.43700236419315897,-0.045990387375866026
central,通州区,2024-07,7.129999999999999,0.4374622680669176,0.43700236419315897,-0.045990387375866026
central,通州区,2024-08,5.780000000000001,0.4374622680669176,0.43700236419315897,-0.045990387375866026
central,通州区,2024-09,5.3325,0.4374622680669176,0.43700236419315897,-0.045990387375866026
central,通州区,2024-10,5.4375,0.4374622680669176,0.43700236419315897,-0.045990387375866026
central,通州区,2024-11,5.695,0.4374622680669176,0.43700236419315897,-0.045990387375866026
central,通州区,2024-12,5.5325,0.4374622680669176,0.43700236419315897,-0.045990387375866026
central,通州区,2025-01,5.515,0.4374622680669176,0.43700236419315897,-0.045990387375866026
central,通州区,2025-02,5.595000000000001,0.4374622680669176,0.43700236419315897,-0.045990387375866026
central,通州区,2025-03,6.015000000000001,0.4374622680669176,0.43700236419315897,-0.045990387375866026
central,通州区,2025-04,6.275,0.4374622680669176,0.43700236419315897,-0.045990387375866026
central,通州区,2025-05,6.35,0.4374622680669176,0.43700236419315897,-0.045990387375866026
central,通州区,2025-06,6.7275,0.4374622680669176,0.43700236419315897,-0.045990387375866026
central,通州区,2025-07,6.535,0.4374622680669176,0.43700236419315897,-0.045990387375866026
central,通州区,2025-08,5.807499999999999,0.4374622680669176,0.43700236419315897,-0.045990387375866026
central,通州区,2025-09,5.2775,0.4374622680669176,0.43700236419315897,-0.045990387375866026
central,通州区,2025-10,5.045,0.4374622680669176,0.43700236419315897,-0.045990387375866026
central,通州区,2025-11,5.1825,0.4374622680669176,0.43700236419315897,-0.045990387375866026
central,通州区,2025-12,5.1925,0.4374622680669176,0.43700236419315897,-0.045990387375866026
deep,大兴区,2019-09,18.53,0.00999280779209177,0.00999753302038625,0.00047252282944793694
deep,大兴区,2019-10,18.2,0.00999280779209177,0.00999753302038625,0.00047252282944793694
deep,大兴区,2019-11,17.94,0.00999280779209177,0.00999753302038625,0.00047252282944793694
deep,大兴区,2019-12,17.9,0.00999280779209177,0.00999753302038625,0.00047252282944793694
deep,大兴区,2020-01,17.26,0.00999280779209177,0.00999753302038625,0.00047252282944793694
deep,大兴区,2020-02,16.89,0.00999280779209177,0.00999753302038625,0.00047252282944793694
deep,大兴区,2020-03,16.74,0.00999280779209177,0.00999753302038625,0.00047252282944793694
deep,大兴区,2020-04,17.58,0.00999280779209177,0.00999753302038625,0.00047252282944793694
deep,大兴区,2020-05,18.2,0.00999280779209177,0.00999753302038625,0.00047252282944793694
deep,大兴区,2020-06,18.13,0.00999280779209177,0.00999753302038625,0.00047252282944793694
deep,大兴区,2020-07,18.36,0.00999280779209177,0.00999753302038625,0.00047252282944793694
deep,大兴区,2020-08,17.43,0.00999280779209177,0.00999753302038625,0.00047252282944793694
deep,大兴区,2020-09,17.4,0.00999280779209177,0.00999753302038625,0.00047252282944793694
deep,大兴区,2020-10,17.47,0.00999280779209177,0.00999753302038625,0.00047252282944793694
deep,大兴区,2020-11,17.52,0.00999280779209177,0.00999753302038625,0.00047252282944793694
deep,大兴区,2020-12,16.84,0.00999280779209177,0.00999753302038625,0.00047252282944793694
deep,大兴区,2021-01,16.5,0.08748713772861845,0.08752850715222783,0.004136942360938312
deep,大兴区,2021-02,16.45,0.08748713772861845,0.08752850715222783,0.004136942360938312
deep,大兴区,2021-03,16.85,0.00999280779209177,0.00999753302038625,0.00047252282944793694
deep,大兴区,2021-04,17.62,0.00999280779209177,0.00999753302038625,0.00047252282944793694
deep,大兴区,2021-05,18.45,0.00999280779209177,0.00999753302038625,0.00047252282944793694
deep,大兴区,2021-06,18.45,0.00999280779209177,0.00999753302038625,0.00047252282944793694
deep,大兴区,2021-07,16.85,0.00999280779209177,0.00999753302038625,0.00047252282944793694
deep,大兴区,2021-08,16.634999999999998,0.00999280779209177,0.00999753302038625,0.00047252282944793694
deep,大兴区,2021-09,16.066666666666666,0.08748713772861845,0.08752850715222783,0.004136942360938312
deep,大兴区,2021-10,15.656666666666666,0.08748713772861845,0.08752850715222783,0.004136942360938312
deep,大兴区,2021-11,15.4575,0.08748713772861845,0.08752850715222783,0.004136942360938312
deep,大兴区,2021-12,15.2675,0.08748713772861845,0.08752850715222783,0.004136942360938312
deep,大兴区,2022-01,14.8725,0.08748713772861845,0.08752850715222783,0.004136942360938312
deep,大兴区,2022-02,15.155,0.08748713772861845,0.08752850715222783,0.004136942360938312
deep,大兴区,2022-03,15.485,0.08748713772861845,0.08752850715222783,0.004136942360938312
deep,大兴区,2022-04,16.5675,0.00999280779209177,0.00999753302038625,0.00047252282944793694
deep,大兴区,2022-05,16.935,0.00999280779209177,0.00999753302038625,0.00047252282944793694
deep,大兴区,2022-06,17.442500000000003,0.00999280779209177,0.00999753302038625,0.00047252282944793694
deep,大兴区,2022-07,16.145,0.08748713772861845,0.08752850715222783,0.004136942360938312
deep,大兴区,2022-08,15.645,0.08748713772861845,0.08752850715222783,0.004136942360938312
deep,大兴区,2022-09,16.087500000000002,0.08748713772861845,0.08752850715222783,0.004136942360938312
deep,大兴区,2022-10,15.87,0.08748713772861845,0.08752850715222783,0.004136942360938312
deep,大兴区,2022-11,15.45,0.08748713772861845,0.08752850715222783,0.004136942360938312
deep,大兴区,2022-12,14.33,0.08748713772861845,0.08752850715222783,0.004136942360938312
deep,大兴区,2023-01,14.0375,0.08748713772861845,0.08752850715222783,0.004136942360938312
deep,大兴区,2023-02,13.9075,0.08748713772861845,0.08752850715222783,0.004136942360938312
deep,大兴区,2023-03,14.35,0.08748713772861845,0.08752850715222783,0.004136942360938312
deep,大兴区,2023-04,15.08,0.08748713772861845,0.08752850715222783,0.004136942360938312
deep,大兴区,2023-05,15.6275,0.08748713772861845,0.08752850715222783,0.004136942360938312
deep,大兴区,2023-06,16.392500000000002,0.08748713772861845,0.08752850715222783,0.004136942360938312
deep,大兴区,2023-07,16.040000000000003,0.08748713772861845,0.08752850715222783,0.004136942360938312
deep,大兴区,2023-08,14.363529411764704,0.08748713772861845,0.08752850715222783,0.004136942360938312
deep,大兴区,2023-09,14.0775,0.08748713772861845,0.08752850715222783,0.004136942360938312
deep,大兴区,2023-10,13.875000000000002,0.08748713772861845,0.08752850715222783,0.004136942360938312
deep,大兴区,2023-11,13.9975,0.08748713772861845,0.08752850715222783,0.004136942360938312
deep,大兴区,2023-12,13.34,0.08748713772861845,0.08752850715222783,0.004136942360938312
deep,大兴区,2024-01,13.0075,0.08748713772861845,0.08752850715222783,0.004136942360938312
deep,大兴区,2024-02,12.8175,0.08748713772861845,0.08752850715222783,0.004136942360938312
deep,大兴区,2024-03,13.0075,0.08748713772861845,0.08752850715222783,0.004136942360938312
deep,大兴区,2024-04,14.125,0.08748713772861845,0.08752850715222783,0.004136942360938312
deep,大兴区,2024-05,14.607500000000002,0.08748713772861845,0.08752850715222783,0.004136942360938312
deep,大兴区,2024-06,14.7,0.08748713772861845,0.08752850715222783,0.004136942360938312
deep,大兴区,2024-07,13.985,0.08748713772861845,0.08752850715222783,0.004136942360938312
deep,大兴区,2024-08,13.133333333333336,0.08748713772861845,0.08752850715222783,0.004136942360938312
deep,大兴区,2024-09,12.595,0.08748713772861845,0.08752850715222783,0.004136942360938312
deep,大兴区,2024-10,12.294999999999998,0.08748713772861845,0.08752850715222783,0.004136942360938312
deep,大兴区,2024-11,12.1275,0.08748713772861845,0.08752850715222783,0.004136942360938312
deep,大兴区,2024-12,11.7225,0.08748713772861845,0.08752850715222783,0.004136942360938312
deep,大兴区,2025-01,11.355,0.08748713772861845,0.08752850715222783,0.004136942360938312
deep,大兴区,2025-02,11.1975,0.08748713772861845,0.08752850715222783,0.004136942360938312
deep,大兴区,2025-03,11.68,0.08748713772861845,0.08752850715222783,0.004136942360938312
deep,大兴区,2025-04,12.57,0.08748713772861845,0.08752850715222783,0.004136942360938312
deep,大兴区,2025-05,12.852825,0.08748713772861845,0.08752850715222783,0.004136942360938312
deep,大兴区,2025-06,12.8725,0.08748713772861845,0.08752850715222783,0.004136942360938312
deep,大兴区,2025-07,12.045,0.08748713772861845,0.08752850715222783,0.004136942360938312
deep,大兴区,2025-08,10.9975,0.4751091406735101,0.47533380217017707,0.022466149666694468
deep,大兴区,2025-09,10.3375,0.4751091406735101,0.47533380217017707,0.022466149666694468
deep,大兴区,2025-10,9.8275,0.4751091406735101,0.47533380217017707,0.022466149666694468
deep,大兴区,2025-11,9.6,0.4751091406735101,0.47533380217017707,0.022466149666694468
deep,大兴区,2025-12,9.1775,0.4751091406735101,0.47533380217017707,0.022466149666694468
deep,通州区,2019-09,9.98,0.4374622680669176,0.43700236419315897,-0.045990387375866026
deep,通州区,2019-10,9.62,0.4374622680669176,0.43700236419315897,-0.045990387375866026
deep,通州区,2019-11,9.29,0.4374622680669176,0.43700236419315897,-0.045990387375866026
deep,通州区,2019-12,9.56,0.4374622680669176,0.43700236419315897,-0.045990387375866026
deep,通州区,2020-01,9.02,0.4374622680669176,0.43700236419315897,-0.045990387375866026
deep,通州区,2020-02,8.86,0.4374622680669176,0.43700236419315897,-0.045990387375866026
deep,通州区,2020-03,8.78,0.4374622680669176,0.43700236419315897,-0.045990387375866026
deep,通州区,2020-04,9.65,0.4374622680669176,0.43700236419315897,-0.045990387375866026
deep,通州区,2020-05,10.27,0.4374622680669176,0.43700236419315897,-0.045990387375866026
deep,通州区,2020-06,10.08,0.4374622680669176,0.43700236419315897,-0.045990387375866026
deep,通州区,2020-07,9.875,0.4374622680669176,0.43700236419315897,-0.045990387375866026
deep,通州区,2020-08,7.6,0.4374622680669176,0.43700236419315897,-0.045990387375866026
deep,通州区,2020-09,7.52,0.4374622680669176,0.43700236419315897,-0.045990387375866026
deep,通州区,2020-10,7.71,0.4374622680669176,0.43700236419315897,-0.045990387375866026
deep,通州区,2020-11,7.69,0.4374622680669176,0.43700236419315897,-0.045990387375866026
deep,通州区,2020-12,7.85,0.4374622680669176,0.43700236419315897,-0.045990387375866026
deep,通州区,2021-01,7.82,0.4374622680669176,0.43700236419315897,-0.045990387375866026
deep,通州区,2021-02,7.8,0.4374622680669176,0.43700236419315897,-0.045990387375866026
deep,通州区,2021-03,8.01,0.4374622680669176,0.43700236419315897,-0.045990387375866026
deep,通州区,2021-04,8.66,0.4374622680669176,0.43700236419315897,-0.045990387375866026
deep,通州区,2021-05,9.03,0.4374622680669176,0.43700236419315897,-0.045990387375866026
deep,通州区,2021-06,8.64,0.4374622680669176,0.43700236419315897,-0.045990387375866026
deep,通州区,2021-08,7.125,0.4374622680669176,0.43700236419315897,-0.045990387375866026
deep,通州区,2021-09,6.523333333333333,0.4374622680669176,0.43700236419315897,-0.045990387375866026
deep,通州区,2021-10,6.236666666666667,0.4374622680669176,0.43700236419315897,-0.045990387375866026
deep,通州区,2021-11,6.33,0.4374622680669176,0.43700236419315897,-0.045990387375866026
deep,通州区,2021-12,6.3325000000000005,0.4374622680669176,0.43700236419315897,-0.045990387375866026
deep,通州区,2022-01,6.339999999999999,0.4374622680669176,0.43700236419315897,-0.045990387375866026
deep,通州区,2022-02,6.695,0.4374622680669176,0.43700236419315897,-0.045990387375866026
deep,通州区,2022-03,6.9525,0.4374622680669176,0.43700236419315897,-0.045990387375866026
deep,通州区,2022-04,7.6475,0.4374622680669176,0.43700236419315897,-0.045990387375866026
deep,通州区,2022-05,7.904999999999999,0.4374622680669176,0.43700236419315897,-0.045990387375866026
deep,通州区,2022-06,7.987500000000001,0.4374622680669176,0.43700236419315897,-0.045990387375866026
deep,通州区,2022-07,7.027500000000001,0.4374622680669176,0.43700236419315897,-0.045990387375866026
deep,通州区,2022-08,6.6875,0.4374622680669176,0.43700236419315897,-0.045990387375866026
deep,通州区,2022-09,7.215,0.4374622680669176,0.43700236419315897,-0.045990387375866026
deep,通州区,2022-10,7.435,0.4374622680669176,0.43700236419315897,-0.045990387375866026
deep,通州区,2022-11,7.425000000000001,0.4374622680669176,0.43700236419315897,-0.045990387375866026
deep,通州区,2022-12,6.845,0.4374622680669176,0.43700236419315897,-0.045990387375866026
deep,通州区,2023-01,6.79,0.4374622680669176,0.43700236419315897,-0.045990387375866026
deep,通州区,2023-02,6.822500000000001,0.4374622680669176,0.43700236419315897,-0.045990387375866026
deep,通州区,2023-03,7.245,0.4374622680669176,0.43700236419315897,-0.045990387375866026
deep,通州区,2023-04,7.875,0.4374622680669176,0.43700236419315897,-0.045990387375866026
deep,通州区,2023-05,8.07,0.4374622680669176,0.43700236419315897,-0.045990387375866026
deep,通州区,2023-06,8.6075,0.4374622680669176,0.43700236419315897,-0.045990387375866026
deep,通州区,2023-07,8.709999999999999,0.4374622680669176,0.43700236419315897,-0.045990387375866026
deep,通州区,2023-08,6.920000000000001,0.4374622680669176,0.43700236419315897,-0.045990387375866026
deep,通州区,2023-09,6.605,0.4374622680669176,0.43700236419315897,-0.045990387375866026
deep,通州区,2023-10,6.762499999999999,0.4374622680669176,0.43700236419315897,-0.045990387375866026
deep,通州区,2023-11,6.945,0.4374622680669176,0.43700236419315897,-0.045990387375866026
deep,通州区,2023-12,6.5775,0.4374622680669176,0.43700236419315897,-0.045990387375866026
deep,通州区,2024-01,6.4975,0.4374622680669176,0.43700236419315897,-0.045990387375866026
deep,通州区,2024-02,6.4375,0.4374622680669176,0.43700236419315897,-0.045990387375866026
deep,通州区,2024-03,6.6725,0.4374622680669176,0.43700236419315897,-0.045990387375866026
deep,通州区,2024-04,7.529999999999999,0.4374622680669176,0.43700236419315897,-0.045990387375866026
deep,通州区,2024-05,7.709999999999999,0.4374622680669176,0.43700236419315897,-0.045990387375866026
deep,通州区,2024-06,7.4875,0.4374622680669176,0.43700236419315897,-0.045990387375866026
deep,通州区,2024-07,7.129999999999999,0.4374622680669176,0.43700236419315897,-0.045990387375866026
deep,通州区,2024-08,5.780000000000001,0.4374622680669176,0.43700236419315897,-0.045990387375866026
deep,通州区,2024-09,5.3325,1.0,1.0,0.0
deep,通州区,2024-10,5.4375,1.0,1.0,0.0
deep,通州区,2024-11,5.695,0.4374622680669176,0.43700236419315897,-0.045990387375866026
deep,通州区,2024-12,5.5325,0.4374622680669176,0.43700236419315897,-0.045990387375866026
deep,通州区,2025-01,5.515,0.4374622680669176,0.43700236419315897,-0.045990387375866026
deep,通州区,2025-02,5.595000000000001,0.4374622680669176,0.43700236419315897,-0.045990387375866026
deep,通州区,2025-03,6.015000000000001,0.4374622680669176,0.43700236419315897,-0.045990387375866026
deep,通州区,2025-04,6.275,0.4374622680669176,0.43700236419315897,-0.045990387375866026
deep,通州区,2025-05,6.35,0.4374622680669176,0.43700236419315897,-0.045990387375866026
deep,通州区,2025-06,6.7275,0.4374622680669176,0.43700236419315897,-0.045990387375866026
deep,通州区,2025-07,6.535,0.4374622680669176,0.43700236419315897,-0.045990387375866026
deep,通州区,2025-08,5.807499999999999,0.4374622680669176,0.43700236419315897,-0.045990387375866026
deep,通州区,2025-09,5.2775,1.0,1.0,0.0
deep,通州区,2025-10,5.045,1.0,1.0,0.0
deep,通州区,2025-11,5.1825,1.0,1.0,0.0
deep,通州区,2025-12,5.1925,1.0,1.0,0.0
