scenario,district,start_month,end_month,consecutive_months,at_series_start,at_endpoint
shallow,东城区,2025-04,2025-05,2,False,False
shallow,东城区,2025-07,2025-12,6,False,True
shallow,丰台区,2022-08,2025-12,41,False,True
shallow,大兴区,2023-02,2023-02,1,False,False
shallow,大兴区,2023-10,2024-03,6,False,False
shallow,大兴区,2024-07,2025-12,18,False,True
shallow,延庆区,2019-10,2025-12,75,False,True
shallow,怀柔区,2021-10,2025-12,51,False,True
shallow,房山区,2019-09,2020-04,8,True,False
shallow,房山区,2020-08,2025-12,65,False,True
shallow,昌平区,2025-01,2025-12,12,False,True
shallow,海淀区,2023-12,2025-12,25,False,True
shallow,石景山区,2025-09,2025-10,2,False,False
shallow,西城区,2024-09,2025-12,16,False,True
shallow,通州区,2019-09,2021-06,22,True,False
shallow,通州区,2021-08,2025-12,53,False,True
shallow,门头沟区,2025-06,2025-11,6,False,False
central,东城区,2024-03,2024-05,3,False,False
central,东城区,2024-07,2025-12,18,False,True
central,丰台区,2021-10,2025-12,51,False,True
central,大兴区,2020-02,2020-03,2,False,False
central,大兴区,2020-12,2021-03,4,False,False
central,大兴区,2021-07,2022-05,11,False,False
central,大兴区,2022-07,2025-12,42,False,True
central,密云区,2025-09,2025-10,2,False,False
central,延庆区,2019-09,2025-12,76,True,True
central,怀柔区,2021-10,2025-12,51,False,True
central,房山区,2019-09,2025-12,76,True,True
central,昌平区,2024-03,2024-03,1,False,False
central,昌平区,2024-08,2025-12,17,False,True
central,海淀区,2023-01,2023-03,3,False,False
central,海淀区,2023-08,2025-12,29,False,True
central,石景山区,2025-05,2025-12,8,False,True
central,西城区,2023-01,2025-12,36,False,True
central,通州区,2019-09,2021-06,22,True,False
central,通州区,2021-08,2025-12,53,False,True
central,门头沟区,2024-09,2025-01,5,False,False
central,门头沟区,2025-03,2025-12,10,False,True
deep,东城区,2022-03,2025-12,46,False,True
deep,丰台区,2019-09,2025-12,76,True,True
deep,大兴区,2019-09,2025-12,76,True,True
deep,密云区,2021-10,2022-02,5,False,False
deep,密云区,2024-09,2025-12,16,False,True
deep,平谷区,2024-09,2024-10,2,False,False
deep,平谷区,2025-08,2025-12,5,False,True
deep,延庆区,2019-09,2025-12,76,True,True
deep,怀柔区,2020-08,2020-10,3,False,False
deep,怀柔区,2020-12,2025-12,61,False,True
deep,房山区,2019-09,2025-12,76,True,True
deep,昌平区,2022-10,2023-06,9,False,False
deep,昌平区,2023-08,2025-12,29,False,True
deep,朝阳区,2025-01,2025-12,12,False,True
deep,海淀区,2021-10,2025-12,51,False,True
deep,石景山区,2023-10,2023-12,3,False,False
deep,石景山区,2024-05,2025-12,20,False,True
deep,西城区,2021-03,2025-12,58,False,True
deep,通州区,2019-09,2021-06,22,True,False
deep,通州区,2021-08,2025-12,53,False,True
deep,门头沟区,2023-09,2024-01,5,False,False
deep,门头沟区,2024-05,2025-12,20,False,True
deep,顺义区,2024-10,2024-10,1,False,False
deep,顺义区,2024-12,2025-03,4,False,False
deep,顺义区,2025-08,2025-12,5,False,True
