year,district,depth_scenario,encounter_fraction_MAIN,encounter_fraction_RAW,E_index_MAIN,E_index_RAW,delta_E,relative_delta_E,district_en
2000,昌平区,shallow,0.0,0.0,0.0,0.0,0.0,,Changping
2000,昌平区,central,0.001292,0.001292,0.0007770724637681,0.0005186861313868,0.0002583863323812,0.3325125318793422,Changping
2000,昌平区,deep,0.043421,0.043421,0.0261155289855072,0.0174317883211678,0.0086837406643393,0.3325125318793423,Changping
2000,大兴区,shallow,0.009993,0.009993,0.0030896231884057,0.0030896231884057,0.0,0.0,Daxing
2000,大兴区,central,0.087487,0.087487,0.0270491207729468,0.0270491207729468,0.0,0.0,Daxing
2000,大兴区,deep,0.087487,0.087487,0.0270491207729468,0.0270491207729468,0.0,0.0,Daxing
2000,房山区,shallow,0.09858,0.09858,0.0687465789473684,0.1178151219512194,-0.049068543003851,-0.7137597791072247,Fangshan
2000,房山区,central,0.09858,0.09858,0.0687465789473684,0.1178151219512194,-0.049068543003851,-0.7137597791072247,Fangshan
2000,房山区,deep,0.491026,0.491026,0.3424260263157894,0.586835951219512,-0.2444099249037226,-0.7137597791072248,Fangshan
2000,怀柔区,shallow,0.387258,0.387258,0.2212902857142857,0.2212902857142857,0.0,0.0,Huairou
2000,怀柔区,central,0.387258,0.387258,0.2212902857142857,0.2212902857142857,0.0,0.0,Huairou
2000,怀柔区,deep,0.387258,0.387258,0.2212902857142857,0.2212902857142857,0.0,0.0,Huairou
2000,门头沟区,shallow,0.0,0.0,0.0,0.0,0.0,,Mentougou
2000,门头沟区,central,0.0,0.0,0.0,0.0,0.0,,Mentougou
2000,门头沟区,deep,0.022179,0.022179,0.0117418235294117,0.024951375,-0.0132095514705882,-1.1250000000000002,Mentougou
2000,密云区,shallow,0.0,0.0,0.0,0.0,0.0,,Miyun
2000,密云区,central,0.0,0.0,0.0,0.0,0.0,,Miyun
2000,密云区,deep,0.0,0.0,0.0,0.0,0.0,,Miyun
2000,平谷区,shallow,0.0,0.0,0.0,0.0,0.0,,Pinggu
2000,平谷区,central,0.0,0.0,0.0,0.0,0.0,,Pinggu
2000,平谷区,deep,0.0,0.0,0.0,0.0,0.0,,Pinggu
2000,顺义区,shallow,0.0,0.0,0.0,0.0,0.0,,Shunyi
2000,顺义区,central,0.0,0.0,0.0,0.0,0.0,,Shunyi
2000,顺义区,deep,0.0,0.0,0.0,0.0,0.0,,Shunyi
2000,通州区,shallow,0.437462,0.437462,0.1934042526315789,0.1703799368421052,0.0230243157894737,0.1190476190476191,Tongzhou
2000,通州区,central,0.437462,0.437462,0.1934042526315789,0.1703799368421052,0.0230243157894737,0.1190476190476191,Tongzhou
2000,通州区,deep,0.437462,0.437462,0.1934042526315789,0.1703799368421052,0.0230243157894737,0.1190476190476191,Tongzhou
2000,延庆区,shallow,0.020419,0.020419,0.0136126666666666,0.0136126666666666,0.0,0.0,Yanqing
2000,延庆区,central,0.1827379999999999,0.1827379999999999,0.1218253333333333,0.1218253333333333,0.0,0.0,Yanqing
2000,延庆区,deep,0.1827379999999999,0.1827379999999999,0.1218253333333333,0.1218253333333333,0.0,0.0,Yanqing
2001,昌平区,shallow,0.0,0.0,0.0,0.0,0.0,,Changping
2001,昌平区,central,0.0,0.0,0.0,0.0,0.0,,Changping
2001,昌平区,deep,0.001292,0.001292,0.0008313739130434,0.0006261956204379,0.0002051782926055,0.2467942394949695,Changping
2001,大兴区,shallow,0.009993,0.009993,0.0036882376811594,0.0036882376811594,0.0,0.0,Daxing
2001,大兴区,central,0.087487,0.087487,0.0322898879227053,0.0322898879227053,0.0,0.0,Daxing
2001,大兴区,deep,0.087487,0.087487,0.0322898879227053,0.0322898879227053,0.0,0.0,Daxing
2001,房山区,shallow,0.0,0.0,0.0,0.0,0.0,,Fangshan
2001,房山区,central,0.09858,0.09858,0.0710813684210526,0.1240665365853658,-0.0529851681643132,-0.7454157023322059,Fangshan
2001,房山区,deep,0.09858,0.09858,0.0710813684210526,0.1240665365853658,-0.0529851681643132,-0.7454157023322059,Fangshan
2001,怀柔区,shallow,0.031538,0.031538,0.0201242476190476,0.0201242476190476,0.0,0.0,Huairou
2001,怀柔区,central,0.387258,0.387258,0.2471074857142857,0.2471074857142857,0.0,0.0,Huairou
2001,怀柔区,deep,0.387258,0.387258,0.2471074857142857,0.2471074857142857,0.0,0.0,Huairou
2001,门头沟区,shallow,0.0,0.0,0.0,0.0,0.0,,Mentougou
2001,门头沟区,central,0.0,0.0,0.0,0.0,0.0,,Mentougou
2001,门头沟区,deep,0.022179,0.022179,0.0131769352941176,0.0280009875,-0.0148240522058823,-1.125,Mentougou
2001,密云区,shallow,0.0,0.0,0.0,0.0,0.0,,Miyun
2001,密云区,central,0.0,0.0,0.0,0.0,0.0,,Miyun
2001,密云区,deep,0.0,0.0,0.0,0.0,0.0,,Miyun
2001,平谷区,shallow,0.0,0.0,0.0,0.0,0.0,,Pinggu
2001,平谷区,central,0.0,0.0,0.0,0.0,0.0,,Pinggu
2001,平谷区,deep,0.0,0.0,0.0,0.0,0.0,,Pinggu
2001,顺义区,shallow,0.0,0.0,0.0,0.0,0.0,,Shunyi
2001,顺义区,central,0.0,0.0,0.0,0.0,0.0,,Shunyi
2001,顺义区,deep,0.0,0.0,0.0,0.0,0.0,,Shunyi
2001,通州区,shallow,0.437462,0.437462,0.2053768968421052,0.1869574442105263,0.0184194526315789,0.0896860986547087,Tongzhou
2001,通州区,central,0.437462,0.437462,0.2053768968421052,0.1869574442105263,0.0184194526315789,0.0896860986547087,Tongzhou
2001,通州区,deep,0.437462,0.437462,0.2053768968421052,0.1869574442105263,0.0184194526315789,0.0896860986547087,Tongzhou
2001,延庆区,shallow,0.020419,0.020419,0.0140664222222222,0.0140664222222222,0.0,0.0,Yanqing
2001,延庆区,central,0.1827379999999999,0.1827379999999999,0.1258861777777777,0.1258861777777777,0.0,0.0,Yanqing
2001,延庆区,deep,0.1827379999999999,0.1827379999999999,0.1258861777777777,0.1258861777777777,0.0,0.0,Yanqing
2002,昌平区,shallow,0.0,0.0,0.0,0.0,0.0,,Changping
2002,昌平区,central,0.0,0.0,0.0,0.0,0.0,,Changping
2002,昌平区,deep,0.001292,0.001292,0.0008856753623188,0.000733705109489,0.0001519702528297,0.1715868582274964,Changping
2002,大兴区,shallow,0.009993,0.009993,0.004286852173913,0.004286852173913,0.0,0.0,Daxing
2002,大兴区,central,0.009993,0.009993,0.004286852173913,0.004286852173913,0.0,0.0,Daxing
2002,大兴区,deep,0.087487,0.087487,0.0375306550724637,0.0375306550724637,0.0,0.0,Daxing
2002,房山区,shallow,0.0,0.0,0.0,0.0,0.0,,Fangshan
2002,房山区,central,0.09858,0.09858,0.0734161578947368,0.1303179512195122,-0.0569017933247753,-0.7750581746100149,Fangshan
2002,房山区,deep,0.09858,0.09858,0.0734161578947368,0.1303179512195122,-0.0569017933247753,-0.7750581746100149,Fangshan
2002,怀柔区,shallow,0.031538,0.031538,0.0222267809523809,0.0222267809523809,0.0,0.0,Huairou
2002,怀柔区,central,0.031538,0.031538,0.0222267809523809,0.0222267809523809,0.0,0.0,Huairou
2002,怀柔区,deep,0.387258,0.387258,0.2729246857142857,0.2729246857142857,0.0,0.0,Huairou
2002,门头沟区,shallow,0.0,0.0,0.0,0.0,0.0,,Mentougou
2002,门头沟区,central,0.0,0.0,0.0,0.0,0.0,,Mentougou
2002,门头沟区,deep,0.022179,0.022179,0.0146120470588235,0.0310505999999999,-0.0164385529411764,-1.125,Mentougou
2002,密云区,shallow,0.0,0.0,0.0,0.0,0.0,,Miyun
2002,密云区,central,0.0,0.0,0.0,0.0,0.0,,Miyun
2002,密云区,deep,0.0,0.0,0.0,0.0,0.0,,Miyun
2002,平谷区,shallow,0.0,0.0,0.0,0.0,0.0,,Pinggu
2002,平谷区,central,0.0,0.0,0.0,0.0,0.0,,Pinggu
2002,平谷区,deep,0.0,0.0,0.0,0.0,0.0,,Pinggu
2002,顺义区,shallow,0.0,0.0,0.0,0.0,0.0,,Shunyi
2002,顺义区,central,0.0,0.0,0.0,0.0,0.0,,Shunyi
2002,顺义区,deep,0.0,0.0,0.0,0.0,0.0,,Shunyi
2002,通州区,shallow,0.437462,0.437462,0.2173495410526316,0.2035349515789473,0.0138145894736842,0.0635593220338983,Tongzhou
2002,通州区,central,0.437462,0.437462,0.2173495410526316,0.2035349515789473,0.0138145894736842,0.0635593220338983,Tongzhou
2002,通州区,deep,0.437462,0.437462,0.2173495410526316,0.2035349515789473,0.0138145894736842,0.0635593220338983,Tongzhou
2002,延庆区,shallow,0.020419,0.020419,0.0145201777777777,0.0145201777777777,0.0,0.0,Yanqing
2002,延庆区,central,0.1827379999999999,0.1827379999999999,0.1299470222222222,0.1299470222222222,0.0,0.0,Yanqing
2002,延庆区,deep,0.1827379999999999,0.1827379999999999,0.1299470222222222,0.1299470222222222,0.0,0.0,Yanqing
2003,昌平区,shallow,0.0,0.0,0.0,0.0,0.0,,Changping
2003,昌平区,central,0.0,0.0,0.0,0.0,0.0,,Changping
2003,昌平区,deep,0.001292,0.001292,0.0009399768115942,0.0008412145985401,9.876221305405687e-05,0.1050687759909267,Changping
2003,大兴区,shallow,0.009993,0.009993,0.0048854666666666,0.0048854666666666,0.0,0.0,Daxing
2003,大兴区,central,0.009993,0.009993,0.0048854666666666,0.0048854666666666,0.0,0.0,Daxing
2003,大兴区,deep,0.087487,0.087487,0.0427714222222222,0.0427714222222222,0.0,0.0,Daxing
2003,房山区,shallow,0.0,0.0,0.0,0.0,0.0,,Fangshan
2003,房山区,central,0.09858,0.09858,0.075750947368421,0.1365693658536585,-0.0608184184852374,-0.8028733711994656,Fangshan
2003,房山区,deep,0.09858,0.09858,0.075750947368421,0.1365693658536585,-0.0608184184852374,-0.8028733711994656,Fangshan
2003,怀柔区,shallow,0.0,0.0,0.0,0.0,0.0,,Huairou
2003,怀柔区,central,0.031538,0.031538,0.0243293142857142,0.0243293142857142,0.0,0.0,Huairou
2003,怀柔区,deep,0.031538,0.031538,0.0243293142857142,0.0243293142857142,0.0,0.0,Huairou
2003,门头沟区,shallow,0.0,0.0,0.0,0.0,0.0,,Mentougou
2003,门头沟区,central,0.0,0.0,0.0,0.0,0.0,,Mentougou
2003,门头沟区,deep,0.022179,0.022179,0.0160471588235294,0.0341002125,-0.0180530536764705,-1.125,Mentougou
2003,密云区,shallow,0.0,0.0,0.0,0.0,0.0,,Miyun
2003,密云区,central,0.0,0.0,0.0,0.0,0.0,,Miyun
2003,密云区,deep,0.0,0.0,0.0,0.0,0.0,,Miyun
2003,平谷区,shallow,0.0,0.0,0.0,0.0,0.0,,Pinggu
2003,平谷区,central,0.0,0.0,0.0,0.0,0.0,,Pinggu
2003,平谷区,deep,0.0,0.0,0.0,0.0,0.0,,Pinggu
2003,顺义区,shallow,0.0,0.0,0.0,0.0,0.0,,Shunyi
2003,顺义区,central,0.0,0.0,0.0,0.0,0.0,,Shunyi
2003,顺义区,deep,0.0,0.0,0.0,0.0,0.0,,Shunyi
2003,通州区,shallow,0.437462,0.437462,0.2293221852631579,0.2201124589473684,0.0092097263157894,0.040160642570281,Tongzhou
2003,通州区,central,0.437462,0.437462,0.2293221852631579,0.2201124589473684,0.0092097263157894,0.040160642570281,Tongzhou
2003,通州区,deep,0.437462,0.437462,0.2293221852631579,0.2201124589473684,0.0092097263157894,0.040160642570281,Tongzhou
2003,延庆区,shallow,0.020419,0.020419,0.0149739333333333,0.0149739333333333,0.0,0.0,Yanqing
2003,延庆区,central,0.1827379999999999,0.1827379999999999,0.1340078666666666,0.1340078666666666,0.0,0.0,Yanqing
2003,延庆区,deep,0.1827379999999999,0.1827379999999999,0.1340078666666666,0.1340078666666666,0.0,0.0,Yanqing
2004,昌平区,shallow,0.0,0.0,0.0,0.0,0.0,,Changping
2004,昌平区,central,0.0,0.0,0.0,0.0,0.0,,Changping
2004,昌平区,deep,0.001292,0.001292,0.0009942782608695,0.0009487240875912,4.5554173278324365e-05,0.04581632232257,Changping
2004,大兴区,shallow,0.0,0.0,0.0,0.0,0.0,,Daxing
2004,大兴区,central,0.009993,0.009993,0.0054840811594202,0.0054840811594202,0.0,0.0,Daxing
2004,大兴区,deep,0.087487,0.087487,0.0480121893719806,0.0480121893719806,0.0,0.0,Daxing
2004,房山区,shallow,0.0,0.0,0.0,0.0,0.0,,Fangshan
2004,房山区,central,0.09858,0.09858,0.0780857368421052,0.1428207804878049,-0.0647350436456996,-0.8290252005510089,Fangshan
2004,房山区,deep,0.09858,0.09858,0.0780857368421052,0.1428207804878049,-0.0647350436456996,-0.8290252005510089,Fangshan
2004,怀柔区,shallow,0.0,0.0,0.0,0.0,0.0,,Huairou
2004,怀柔区,central,0.0,0.0,0.0,0.0,0.0,,Huairou
2004,怀柔区,deep,0.031538,0.031538,0.0264318476190476,0.0264318476190476,0.0,0.0,Huairou
2004,门头沟区,shallow,0.0,0.0,0.0,0.0,0.0,,Mentougou
2004,门头沟区,central,0.0,0.0,0.0,0.0,0.0,,Mentougou
2004,门头沟区,deep,0.022179,0.022179,0.0174822705882352,0.037149825,-0.0196675544117647,-1.1250000000000002,Mentougou
2004,密云区,shallow,0.0,0.0,0.0,0.0,0.0,,Miyun
2004,密云区,central,0.0,0.0,0.0,0.0,0.0,,Miyun
2004,密云区,deep,0.0,0.0,0.0,0.0,0.0,,Miyun
2004,平谷区,shallow,0.0,0.0,0.0,0.0,0.0,,Pinggu
2004,平谷区,central,0.0,0.0,0.0,0.0,0.0,,Pinggu
2004,平谷区,deep,0.0,0.0,0.0,0.0,0.0,,Pinggu
2004,顺义区,shallow,0.0,0.0,0.0,0.0,0.0,,Shunyi
2004,顺义区,central,0.0,0.0,0.0,0.0,0.0,,Shunyi
2004,顺义区,deep,0.0,0.0,0.0,0.0,0.0,,Shunyi
2004,通州区,shallow,0.056312,0.056312,0.0310605136842105,0.0304677557894736,0.0005927578947368,0.0190839694656486,Tongzhou
2004,通州区,central,0.437462,0.437462,0.2412948294736842,0.2366899663157895,0.0046048631578947,0.0190839694656487,Tongzhou
2004,通州区,deep,0.437462,0.437462,0.2412948294736842,0.2366899663157895,0.0046048631578947,0.0190839694656487,Tongzhou
2004,延庆区,shallow,0.020419,0.020419,0.0154276888888888,0.0154276888888888,0.0,0.0,Yanqing
2004,延庆区,central,0.1827379999999999,0.1827379999999999,0.1380687111111111,0.1380687111111111,0.0,0.0,Yanqing
2004,延庆区,deep,0.1827379999999999,0.1827379999999999,0.1380687111111111,0.1380687111111111,0.0,0.0,Yanqing
2005,昌平区,shallow,0.0,0.0,0.0,0.0,0.0,,Changping
2005,昌平区,central,0.0,0.0,0.0,0.0,0.0,,Changping
2005,昌平区,deep,0.0,0.0,0.0,0.0,0.0,,Changping
2005,大兴区,shallow,0.0,0.0,0.0,0.0,0.0,,Daxing
2005,大兴区,central,0.009993,0.009993,0.0060826956521739,0.0060826956521739,0.0,0.0,Daxing
2005,大兴区,deep,0.087487,0.087487,0.0532529565217391,0.0532529565217391,0.0,0.0,Daxing
2005,房山区,shallow,0.0,0.0,0.0,0.0,0.0,,Fangshan
2005,房山区,central,0.0,0.0,0.0,0.0,0.0,,Fangshan
2005,房山区,deep,0.0,0.0,0.0,0.0,0.0,,Fangshan
2005,怀柔区,shallow,0.0,0.0,0.0,0.0,0.0,,Huairou
2005,怀柔区,central,0.0,0.0,0.0,0.0,0.0,,Huairou
2005,怀柔区,deep,0.031538,0.031538,0.0285343809523809,0.0285343809523809,0.0,0.0,Huairou
2005,门头沟区,shallow,0.0,0.0,0.0,0.0,0.0,,Mentougou
2005,门头沟区,central,0.0,0.0,0.0,0.0,0.0,,Mentougou
2005,门头沟区,deep,0.022179,0.022179,0.0189173823529411,0.0401994375,-0.0212820551470588,-1.1250000000000002,Mentougou
2005,密云区,shallow,0.0,0.0,0.0,0.0,0.0,,Miyun
2005,密云区,central,0.0,0.0,0.0,0.0,0.0,,Miyun
2005,密云区,deep,0.0,0.0,0.0,0.0,0.0,,Miyun
2005,平谷区,shallow,0.0,0.0,0.0,0.0,0.0,,Pinggu
2005,平谷区,central,0.0,0.0,0.0,0.0,0.0,,Pinggu
2005,平谷区,deep,0.0,0.0,0.0,0.0,0.0,,Pinggu
2005,顺义区,shallow,0.0,0.0,0.0,0.0,0.0,,Shunyi
2005,顺义区,central,0.0,0.0,0.0,0.0,0.0,,Shunyi
2005,顺义区,deep,0.0,0.0,0.0,0.0,0.0,,Shunyi
2005,通州区,shallow,0.056312,0.056312,0.0326016842105263,0.0326016842105263,0.0,0.0,Tongzhou
2005,通州区,central,0.437462,0.437462,0.2532674736842105,0.2532674736842105,0.0,0.0,Tongzhou
2005,通州区,deep,0.437462,0.437462,0.2532674736842105,0.2532674736842105,0.0,0.0,Tongzhou
2005,延庆区,shallow,0.020419,0.020419,0.0158814444444444,0.0158814444444444,0.0,0.0,Yanqing
2005,延庆区,central,0.1827379999999999,0.1827379999999999,0.1421295555555555,0.1421295555555555,0.0,0.0,Yanqing
2005,延庆区,deep,0.1827379999999999,0.1827379999999999,0.1421295555555555,0.1421295555555555,0.0,0.0,Yanqing
2006,昌平区,shallow,0.0,0.0,0.0,0.0,0.0,,Changping
2006,昌平区,central,0.0,0.0,0.0,0.0,0.0,,Changping
2006,昌平区,deep,0.0,0.0,0.0,0.0,0.0,,Changping
2006,大兴区,shallow,0.0,0.0,0.0,0.0,0.0,,Daxing
2006,大兴区,central,0.0,0.0,0.0,0.0,0.0,,Daxing
2006,大兴区,deep,0.009993,0.009993,0.0063240724637681,0.0063240724637681,0.0,0.0,Daxing
2006,房山区,shallow,0.0,0.0,0.0,0.0,0.0,,Fangshan
2006,房山区,central,0.09858,0.09858,0.0837929999999999,0.1553236097560975,-0.0715306097560975,-0.8536585365853662,Fangshan
2006,房山区,deep,0.09858,0.09858,0.0837929999999999,0.1553236097560975,-0.0715306097560975,-0.8536585365853662,Fangshan
2006,怀柔区,shallow,0.0,0.0,0.0,0.0,0.0,,Huairou
2006,怀柔区,central,0.0,0.0,0.0,0.0,0.0,,Huairou
2006,怀柔区,deep,0.0,0.0,0.0,0.0,0.0,,Huairou
2006,门头沟区,shallow,0.0,0.0,0.0,0.0,0.0,,Mentougou
2006,门头沟区,central,0.0,0.0,0.0,0.0,0.0,,Mentougou
2006,门头沟区,deep,0.022179,0.022179,0.0190478470588235,0.040476675,-0.0214288279411764,-1.1250000000000002,Mentougou
2006,密云区,shallow,0.0,0.0,0.0,0.0,0.0,,Miyun
2006,密云区,central,0.0,0.0,0.0,0.0,0.0,,Miyun
2006,密云区,deep,0.0,0.0,0.0,0.0,0.0,,Miyun
2006,平谷区,shallow,0.0,0.0,0.0,0.0,0.0,,Pinggu
2006,平谷区,central,0.0,0.0,0.0,0.0,0.0,,Pinggu
2006,平谷区,deep,0.0,0.0,0.0,0.0,0.0,,Pinggu
2006,顺义区,shallow,0.0,0.0,0.0,0.0,0.0,,Shunyi
2006,顺义区,central,0.0,0.0,0.0,0.0,0.0,,Shunyi
2006,顺义区,deep,0.0,0.0,0.0,0.0,0.0,,Shunyi
2006,通州区,shallow,0.056312,0.056312,0.0341428547368421,0.0341428547368421,0.0,0.0,Tongzhou
2006,通州区,central,0.437462,0.437462,0.2652401178947369,0.2652401178947369,0.0,0.0,Tongzhou
2006,通州区,deep,0.437462,0.437462,0.2652401178947369,0.2652401178947369,0.0,0.0,Tongzhou
2006,延庆区,shallow,0.020419,0.020419,0.0158814444444444,0.0158814444444444,0.0,0.0,Yanqing
2006,延庆区,central,0.1827379999999999,0.1827379999999999,0.1421295555555555,0.1421295555555555,0.0,0.0,Yanqing
2006,延庆区,deep,0.1827379999999999,0.1827379999999999,0.1421295555555555,0.1421295555555555,0.0,0.0,Yanqing
2007,昌平区,shallow,0.0,0.0,0.0,0.0,0.0,,Changping
2007,昌平区,central,0.0,0.0,0.0,0.0,0.0,,Changping
2007,昌平区,deep,0.0,0.0,0.0,0.0,0.0,,Changping
2007,大兴区,shallow,0.0,0.0,0.0,0.0,0.0,,Daxing
2007,大兴区,central,0.0,0.0,0.0,0.0,0.0,,Daxing
2007,大兴区,deep,0.009993,0.009993,0.0065654492753623,0.0065654492753623,0.0,0.0,Daxing
2007,房山区,shallow,0.0,0.0,0.0,0.0,0.0,,Fangshan
2007,房山区,central,0.09858,0.09858,0.0871654736842105,0.1615750243902439,-0.0744095507060333,-0.8536585365853658,Fangshan
2007,房山区,deep,0.09858,0.09858,0.0871654736842105,0.1615750243902439,-0.0744095507060333,-0.8536585365853658,Fangshan
2007,怀柔区,shallow,0.0,0.0,0.0,0.0,0.0,,Huairou
2007,怀柔区,central,0.0,0.0,0.0,0.0,0.0,,Huairou
2007,怀柔区,deep,0.0,0.0,0.0,0.0,0.0,,Huairou
2007,门头沟区,shallow,0.0,0.0,0.0,0.0,0.0,,Mentougou
2007,门头沟区,central,0.0,0.0,0.0,0.0,0.0,,Mentougou
2007,门头沟区,deep,0.022179,0.022179,0.0191783117647058,0.0407539124999999,-0.0215756007352941,-1.1249999999999998,Mentougou
2007,密云区,shallow,0.0,0.0,0.0,0.0,0.0,,Miyun
2007,密云区,central,0.0,0.0,0.0,0.0,0.0,,Miyun
2007,密云区,deep,0.0,0.0,0.0,0.0,0.0,,Miyun
2007,平谷区,shallow,0.0,0.0,0.0,0.0,0.0,,Pinggu
2007,平谷区,central,0.0,0.0,0.0,0.0,0.0,,Pinggu
2007,平谷区,deep,0.0,0.0,0.0,0.0,0.0,,Pinggu
2007,顺义区,shallow,0.0,0.0,0.0,0.0,0.0,,Shunyi
2007,顺义区,central,0.0,0.0,0.0,0.0,0.0,,Shunyi
2007,顺义区,deep,0.0,0.0,0.0,0.0,0.0,,Shunyi
2007,通州区,shallow,0.056312,0.056312,0.0356840252631579,0.0356840252631579,0.0,0.0,Tongzhou
2007,通州区,central,0.437462,0.437462,0.2772127621052632,0.2772127621052632,0.0,0.0,Tongzhou
2007,通州区,deep,0.437462,0.437462,0.2772127621052632,0.2772127621052632,0.0,0.0,Tongzhou
2007,延庆区,shallow,0.020419,0.020419,0.0158814444444444,0.0158814444444444,0.0,0.0,Yanqing
2007,延庆区,central,0.1827379999999999,0.1827379999999999,0.1421295555555555,0.1421295555555555,0.0,0.0,Yanqing
2007,延庆区,deep,0.1827379999999999,0.1827379999999999,0.1421295555555555,0.1421295555555555,0.0,0.0,Yanqing
2008,昌平区,shallow,0.0,0.0,0.0,0.0,0.0,,Changping
2008,昌平区,central,0.0,0.0,0.0,0.0,0.0,,Changping
2008,昌平区,deep,0.0,0.0,0.0,0.0,0.0,,Changping
2008,大兴区,shallow,0.0,0.0,0.0,0.0,0.0,,Daxing
2008,大兴区,central,0.0,0.0,0.0,0.0,0.0,,Daxing
2008,大兴区,deep,0.009993,0.009993,0.0068068260869565,0.0068068260869565,0.0,0.0,Daxing
2008,房山区,shallow,0.0,0.0,0.0,0.0,0.0,,Fangshan
2008,房山区,central,0.09858,0.09858,0.090537947368421,0.1678264390243902,-0.0772884916559692,-0.8536585365853664,Fangshan
2008,房山区,deep,0.09858,0.09858,0.090537947368421,0.1678264390243902,-0.0772884916559692,-0.8536585365853664,Fangshan
2008,怀柔区,shallow,0.0,0.0,0.0,0.0,0.0,,Huairou
2008,怀柔区,central,0.0,0.0,0.0,0.0,0.0,,Huairou
2008,怀柔区,deep,0.0,0.0,0.0,0.0,0.0,,Huairou
2008,门头沟区,shallow,0.0,0.0,0.0,0.0,0.0,,Mentougou
2008,门头沟区,central,0.0,0.0,0.0,0.0,0.0,,Mentougou
2008,门头沟区,deep,0.022179,0.022179,0.0193087764705882,0.04103115,-0.0217223735294117,-1.1250000000000002,Mentougou
2008,密云区,shallow,0.0,0.0,0.0,0.0,0.0,,Miyun
2008,密云区,central,0.0,0.0,0.0,0.0,0.0,,Miyun
2008,密云区,deep,0.0,0.0,0.0,0.0,0.0,,Miyun
2008,平谷区,shallow,0.0,0.0,0.0,0.0,0.0,,Pinggu
2008,平谷区,central,0.0,0.0,0.0,0.0,0.0,,Pinggu
2008,平谷区,deep,0.0,0.0,0.0,0.0,0.0,,Pinggu
2008,顺义区,shallow,0.0,0.0,0.0,0.0,0.0,,Shunyi
2008,顺义区,central,0.0,0.0,0.0,0.0,0.0,,Shunyi
2008,顺义区,deep,0.0,0.0,0.0,0.0,0.0,,Shunyi
2008,通州区,shallow,0.056312,0.056312,0.0372251957894736,0.0372251957894736,0.0,0.0,Tongzhou
2008,通州区,central,0.437462,0.437462,0.2891854063157895,0.2891854063157895,0.0,0.0,Tongzhou
2008,通州区,deep,0.437462,0.437462,0.2891854063157895,0.2891854063157895,0.0,0.0,Tongzhou
2008,延庆区,shallow,0.020419,0.020419,0.0158814444444444,0.0158814444444444,0.0,0.0,Yanqing
2008,延庆区,central,0.1827379999999999,0.1827379999999999,0.1421295555555555,0.1421295555555555,0.0,0.0,Yanqing
2008,延庆区,deep,0.1827379999999999,0.1827379999999999,0.1421295555555555,0.1421295555555555,0.0,0.0,Yanqing
2009,昌平区,shallow,0.0,0.0,0.0,0.0,0.0,,Changping
2009,昌平区,central,0.0,0.0,0.0,0.0,0.0,,Changping
2009,昌平区,deep,0.0,0.0,0.0,0.0,0.0,,Changping
2009,大兴区,shallow,0.0,0.0,0.0,0.0,0.0,,Daxing
2009,大兴区,central,0.0,0.0,0.0,0.0,0.0,,Daxing
2009,大兴区,deep,0.009993,0.009993,0.0070482028985507,0.0070482028985507,0.0,0.0,Daxing
2009,房山区,shallow,0.0,0.0,0.0,0.0,0.0,,Fangshan
2009,房山区,central,0.09858,0.09858,0.0939104210526315,0.1740778536585366,-0.080167432605905,-0.8536585365853661,Fangshan
2009,房山区,deep,0.09858,0.09858,0.0939104210526315,0.1740778536585366,-0.080167432605905,-0.8536585365853661,Fangshan
2009,怀柔区,shallow,0.0,0.0,0.0,0.0,0.0,,Huairou
2009,怀柔区,central,0.0,0.0,0.0,0.0,0.0,,Huairou
2009,怀柔区,deep,0.0,0.0,0.0,0.0,0.0,,Huairou
2009,门头沟区,shallow,0.0,0.0,0.0,0.0,0.0,,Mentougou
2009,门头沟区,central,0.0,0.0,0.0,0.0,0.0,,Mentougou
2009,门头沟区,deep,0.022179,0.022179,0.0194392411764705,0.0413083875,-0.0218691463235294,-1.1250000000000002,Mentougou
2009,密云区,shallow,0.0,0.0,0.0,0.0,0.0,,Miyun
2009,密云区,central,0.0,0.0,0.0,0.0,0.0,,Miyun
2009,密云区,deep,0.0,0.0,0.0,0.0,0.0,,Miyun
2009,平谷区,shallow,0.0,0.0,0.0,0.0,0.0,,Pinggu
2009,平谷区,central,0.0,0.0,0.0,0.0,0.0,,Pinggu
2009,平谷区,deep,0.0,0.0,0.0,0.0,0.0,,Pinggu
2009,顺义区,shallow,0.0,0.0,0.0,0.0,0.0,,Shunyi
2009,顺义区,central,0.0,0.0,0.0,0.0,0.0,,Shunyi
2009,顺义区,deep,0.0,0.0,0.0,0.0,0.0,,Shunyi
2009,通州区,shallow,0.056312,0.056312,0.0387663663157894,0.0387663663157894,0.0,0.0,Tongzhou
2009,通州区,central,0.437462,0.437462,0.3011580505263158,0.3011580505263158,0.0,0.0,Tongzhou
2009,通州区,deep,0.437462,0.437462,0.3011580505263158,0.3011580505263158,0.0,0.0,Tongzhou
2009,延庆区,shallow,0.020419,0.020419,0.0158814444444444,0.0158814444444444,0.0,0.0,Yanqing
2009,延庆区,central,0.020419,0.020419,0.0158814444444444,0.0158814444444444,0.0,0.0,Yanqing
2009,延庆区,deep,0.1827379999999999,0.1827379999999999,0.1421295555555555,0.1421295555555555,0.0,0.0,Yanqing
2010,昌平区,shallow,0.0,0.0,0.0,0.0,0.0,,Changping
2010,昌平区,central,0.0,0.0,0.0,0.0,0.0,,Changping
2010,昌平区,deep,0.0,0.0,0.0,0.0,0.0,,Changping
2010,大兴区,shallow,0.0,0.0,0.0,0.0,0.0,,Daxing
2010,大兴区,central,0.0,0.0,0.0,0.0,0.0,,Daxing
2010,大兴区,deep,0.009993,0.009993,0.0072895797101449,0.0072895797101449,0.0,0.0,Daxing
2010,房山区,shallow,0.0,0.0,0.0,0.0,0.0,,Fangshan
2010,房山区,central,0.09858,0.09858,0.0972828947368421,0.1803292682926829,-0.0830463735558408,-0.853658536585366,Fangshan
2010,房山区,deep,0.09858,0.09858,0.0972828947368421,0.1803292682926829,-0.0830463735558408,-0.853658536585366,Fangshan
2010,怀柔区,shallow,0.0,0.0,0.0,0.0,0.0,,Huairou
2010,怀柔区,central,0.0,0.0,0.0,0.0,0.0,,Huairou
2010,怀柔区,deep,0.0,0.0,0.0,0.0,0.0,,Huairou
2010,门头沟区,shallow,0.0,0.0,0.0,0.0,0.0,,Mentougou
2010,门头沟区,central,0.0,0.0,0.0,0.0,0.0,,Mentougou
2010,门头沟区,deep,0.022179,0.022179,0.0195697058823529,0.041585625,-0.022015919117647,-1.1250000000000002,Mentougou
2010,密云区,shallow,0.0,0.0,0.0,0.0,0.0,,Miyun
2010,密云区,central,0.0,0.0,0.0,0.0,0.0,,Miyun
2010,密云区,deep,0.0,0.0,0.0,0.0,0.0,,Miyun
2010,平谷区,shallow,0.0,0.0,0.0,0.0,0.0,,Pinggu
2010,平谷区,central,0.0,0.0,0.0,0.0,0.0,,Pinggu
2010,平谷区,deep,0.0,0.0,0.0,0.0,0.0,,Pinggu
2010,顺义区,shallow,0.0,0.0,0.0,0.0,0.0,,Shunyi
2010,顺义区,central,0.0,0.0,0.0,0.0,0.0,,Shunyi
2010,顺义区,deep,0.0,0.0,0.0,0.0,0.0,,Shunyi
2010,通州区,shallow,0.056312,0.056312,0.0403075368421052,0.0403075368421052,0.0,0.0,Tongzhou
2010,通州区,central,0.437462,0.437462,0.3131306947368421,0.3131306947368421,0.0,0.0,Tongzhou
2010,通州区,deep,0.437462,0.437462,0.3131306947368421,0.3131306947368421,0.0,0.0,Tongzhou
2010,延庆区,shallow,0.020419,0.020419,0.0158814444444444,0.0158814444444444,0.0,0.0,Yanqing
2010,延庆区,central,0.020419,0.020419,0.0158814444444444,0.0158814444444444,0.0,0.0,Yanqing
2010,延庆区,deep,0.1827379999999999,0.1827379999999999,0.1421295555555555,0.1421295555555555,0.0,0.0,Yanqing
2011,昌平区,shallow,0.0,0.0,0.0,0.0,0.0,,Changping
2011,昌平区,central,0.0,0.0,0.0,0.0,0.0,,Changping
2011,昌平区,deep,0.0,0.0,0.0,0.0,0.0,,Changping
2011,大兴区,shallow,0.0,0.0,0.0,0.0,0.0,,Daxing
2011,大兴区,central,0.0,0.0,0.0,0.0,0.0,,Daxing
2011,大兴区,deep,0.009993,0.009993,0.0073185449275362,0.0073185449275362,0.0,0.0,Daxing
2011,房山区,shallow,0.0,0.0,0.0,0.0,0.0,,Fangshan
2011,房山区,central,0.09858,0.09858,0.0975423157894737,0.1808101463414634,-0.0832678305519897,-0.8536585365853656,Fangshan
2011,房山区,deep,0.491026,0.491026,0.4858573052631579,0.9006135414634147,-0.4147562362002567,-0.8536585365853656,Fangshan
2011,怀柔区,shallow,0.0,0.0,0.0,0.0,0.0,,Huairou
2011,怀柔区,central,0.0,0.0,0.0,0.0,0.0,,Huairou
2011,怀柔区,deep,0.0,0.0,0.0,0.0,0.0,,Huairou
2011,门头沟区,shallow,0.0,0.0,0.0,0.0,0.0,,Mentougou
2011,门头沟区,central,0.0,0.0,0.0,0.0,0.0,,Mentougou
2011,门头沟区,deep,0.022179,0.022179,0.0200915647058823,0.042694575,-0.0226030102941176,-1.1250000000000004,Mentougou
2011,密云区,shallow,0.0,0.0,0.0,0.0,0.0,,Miyun
2011,密云区,central,0.0,0.0,0.0,0.0,0.0,,Miyun
2011,密云区,deep,0.0,0.0,0.0,0.0,0.0,,Miyun
2011,平谷区,shallow,0.0,0.0,0.0,0.0,0.0,,Pinggu
2011,平谷区,central,0.0,0.0,0.0,0.0,0.0,,Pinggu
2011,平谷区,deep,0.0,0.0,0.0,0.0,0.0,,Pinggu
2011,顺义区,shallow,0.0,0.0,0.0,0.0,0.0,,Shunyi
2011,顺义区,central,0.0,0.0,0.0,0.0,0.0,,Shunyi
2011,顺义区,deep,0.0,0.0,0.0,0.0,0.0,,Shunyi
2011,通州区,shallow,0.056312,0.056312,0.04054464,0.04054464,0.0,0.0,Tongzhou
2011,通州区,central,0.437462,0.437462,0.31497264,0.31497264,0.0,0.0,Tongzhou
2011,通州区,deep,0.437462,0.437462,0.31497264,0.31497264,0.0,0.0,Tongzhou
2011,延庆区,shallow,0.020419,0.020419,0.0158814444444444,0.0158814444444444,0.0,0.0,Yanqing
2011,延庆区,central,0.020419,0.020419,0.0158814444444444,0.0158814444444444,0.0,0.0,Yanqing
2011,延庆区,deep,0.1827379999999999,0.1827379999999999,0.1421295555555555,0.1421295555555555,0.0,0.0,Yanqing
2012,昌平区,shallow,0.0,0.0,0.0,0.0,0.0,,Changping
2012,昌平区,central,0.0,0.0,0.0,0.0,0.0,,Changping
2012,昌平区,deep,0.0,0.0,0.0,0.0,0.0,,Changping
2012,大兴区,shallow,0.0,0.0,0.0,0.0,0.0,,Daxing
2012,大兴区,central,0.0,0.0,0.0,0.0,0.0,,Daxing
2012,大兴区,deep,0.009993,0.009993,0.0073475101449275,0.0073475101449275,0.0,0.0,Daxing
2012,房山区,shallow,0.09858,0.09858,0.0978017368421052,0.1812910243902439,-0.0834892875481386,-0.8536585365853655,Fangshan
2012,房山区,central,0.491026,0.491026,0.4871494789473685,0.9030087902439023,-0.4158593112965338,-0.8536585365853654,Fangshan
2012,房山区,deep,0.491026,0.491026,0.4871494789473685,0.9030087902439023,-0.4158593112965338,-0.8536585365853654,Fangshan
2012,怀柔区,shallow,0.0,0.0,0.0,0.0,0.0,,Huairou
2012,怀柔区,central,0.0,0.0,0.0,0.0,0.0,,Huairou
2012,怀柔区,deep,0.0,0.0,0.0,0.0,0.0,,Huairou
2012,门头沟区,shallow,0.0,0.0,0.0,0.0,0.0,,Mentougou
2012,门头沟区,central,0.0,0.0,0.0,0.0,0.0,,Mentougou
2012,门头沟区,deep,0.022179,0.022179,0.0206134235294117,0.043803525,-0.0231901014705882,-1.125,Mentougou
2012,密云区,shallow,0.0,0.0,0.0,0.0,0.0,,Miyun
2012,密云区,central,0.0,0.0,0.0,0.0,0.0,,Miyun
2012,密云区,deep,0.0,0.0,0.0,0.0,0.0,,Miyun
2012,平谷区,shallow,0.0,0.0,0.0,0.0,0.0,,Pinggu
2012,平谷区,central,0.0,0.0,0.0,0.0,0.0,,Pinggu
2012,平谷区,deep,0.0,0.0,0.0,0.0,0.0,,Pinggu
2012,顺义区,shallow,0.0,0.0,0.0,0.0,0.0,,Shunyi
2012,顺义区,central,0.0,0.0,0.0,0.0,0.0,,Shunyi
2012,顺义区,deep,0.0,0.0,0.0,0.0,0.0,,Shunyi
2012,通州区,shallow,0.437462,0.437462,0.3168145852631578,0.3168145852631578,0.0,0.0,Tongzhou
2012,通州区,central,0.437462,0.437462,0.3168145852631578,0.3168145852631578,0.0,0.0,Tongzhou
2012,通州区,deep,0.437462,0.437462,0.3168145852631578,0.3168145852631578,0.0,0.0,Tongzhou
2012,延庆区,shallow,0.020419,0.020419,0.0158814444444444,0.0158814444444444,0.0,0.0,Yanqing
2012,延庆区,central,0.020419,0.020419,0.0158814444444444,0.0158814444444444,0.0,0.0,Yanqing
2012,延庆区,deep,0.1827379999999999,0.1827379999999999,0.1421295555555555,0.1421295555555555,0.0,0.0,Yanqing
2013,昌平区,shallow,0.0,0.0,0.0,0.0,0.0,,Changping
2013,昌平区,central,0.0,0.0,0.0,0.0,0.0,,Changping
2013,昌平区,deep,0.0,0.0,0.0,0.0,0.0,,Changping
2013,大兴区,shallow,0.0,0.0,0.0,0.0,0.0,,Daxing
2013,大兴区,central,0.0,0.0,0.0,0.0,0.0,,Daxing
2013,大兴区,deep,0.009993,0.009993,0.0073764753623188,0.0073764753623188,0.0,0.0,Daxing
2013,房山区,shallow,0.09858,0.09858,0.0980611578947368,0.1817719024390244,-0.0837107445442875,-0.853658536585366,Fangshan
2013,房山区,central,0.491026,0.491026,0.488441652631579,0.9054040390243904,-0.4169623863928113,-0.8536585365853658,Fangshan
2013,房山区,deep,0.491026,0.491026,0.488441652631579,0.9054040390243904,-0.4169623863928113,-0.8536585365853658,Fangshan
2013,怀柔区,shallow,0.0,0.0,0.0,0.0,0.0,,Huairou
2013,怀柔区,central,0.0,0.0,0.0,0.0,0.0,,Huairou
2013,怀柔区,deep,0.0,0.0,0.0,0.0,0.0,,Huairou
2013,门头沟区,shallow,0.0,0.0,0.0,0.0,0.0,,Mentougou
2013,门头沟区,central,0.0,0.0,0.0,0.0,0.0,,Mentougou
2013,门头沟区,deep,0.022179,0.022179,0.0211352823529411,0.044912475,-0.0237771926470588,-1.1250000000000002,Mentougou
2013,密云区,shallow,0.0,0.0,0.0,0.0,0.0,,Miyun
2013,密云区,central,0.0,0.0,0.0,0.0,0.0,,Miyun
2013,密云区,deep,0.0,0.0,0.0,0.0,0.0,,Miyun
2013,平谷区,shallow,0.0,0.0,0.0,0.0,0.0,,Pinggu
2013,平谷区,central,0.0,0.0,0.0,0.0,0.0,,Pinggu
2013,平谷区,deep,0.0,0.0,0.0,0.0,0.0,,Pinggu
2013,顺义区,shallow,0.0,0.0,0.0,0.0,0.0,,Shunyi
2013,顺义区,central,0.0,0.0,0.0,0.0,0.0,,Shunyi
2013,顺义区,deep,0.0,0.0,0.0,0.0,0.0,,Shunyi
2013,通州区,shallow,0.437462,0.437462,0.3186565305263158,0.3186565305263158,0.0,0.0,Tongzhou
2013,通州区,central,0.437462,0.437462,0.3186565305263158,0.3186565305263158,0.0,0.0,Tongzhou
2013,通州区,deep,0.437462,0.437462,0.3186565305263158,0.3186565305263158,0.0,0.0,Tongzhou
2013,延庆区,shallow,0.020419,0.020419,0.0158814444444444,0.0158814444444444,0.0,0.0,Yanqing
2013,延庆区,central,0.020419,0.020419,0.0158814444444444,0.0158814444444444,0.0,0.0,Yanqing
2013,延庆区,deep,0.1827379999999999,0.1827379999999999,0.1421295555555555,0.1421295555555555,0.0,0.0,Yanqing
2014,昌平区,shallow,0.0,0.0,0.0,0.0,0.0,,Changping
2014,昌平区,central,0.0,0.0,0.0,0.0,0.0,,Changping
2014,昌平区,deep,0.0,0.0,0.0,0.0,0.0,,Changping
2014,大兴区,shallow,0.0,0.0,0.0,0.0,0.0,,Daxing
2014,大兴区,central,0.0,0.0,0.0,0.0,0.0,,Daxing
2014,大兴区,deep,0.009993,0.009993,0.0074054405797101,0.0074054405797101,0.0,0.0,Daxing
2014,房山区,shallow,0.09858,0.09858,0.0983205789473684,0.1822527804878048,-0.0839322015404364,-0.8536585365853655,Fangshan
2014,房山区,central,0.09858,0.09858,0.0983205789473684,0.1822527804878048,-0.0839322015404364,-0.8536585365853655,Fangshan
2014,房山区,deep,0.491026,0.491026,0.4897338263157895,0.907799287804878,-0.4180654614890886,-0.8536585365853658,Fangshan
2014,怀柔区,shallow,0.0,0.0,0.0,0.0,0.0,,Huairou
2014,怀柔区,central,0.0,0.0,0.0,0.0,0.0,,Huairou
2014,怀柔区,deep,0.0,0.0,0.0,0.0,0.0,,Huairou
2014,门头沟区,shallow,0.0,0.0,0.0,0.0,0.0,,Mentougou
2014,门头沟区,central,0.0,0.0,0.0,0.0,0.0,,Mentougou
2014,门头沟区,deep,0.0,0.0,0.0,0.0,0.0,,Mentougou
2014,密云区,shallow,0.0,0.0,0.0,0.0,0.0,,Miyun
2014,密云区,central,0.0,0.0,0.0,0.0,0.0,,Miyun
2014,密云区,deep,0.0,0.0,0.0,0.0,0.0,,Miyun
2014,平谷区,shallow,0.0,0.0,0.0,0.0,0.0,,Pinggu
2014,平谷区,central,0.0,0.0,0.0,0.0,0.0,,Pinggu
2014,平谷区,deep,0.0,0.0,0.0,0.0,0.0,,Pinggu
2014,顺义区,shallow,0.0,0.0,0.0,0.0,0.0,,Shunyi
2014,顺义区,central,0.0,0.0,0.0,0.0,0.0,,Shunyi
2014,顺义区,deep,0.0,0.0,0.0,0.0,0.0,,Shunyi
2014,通州区,shallow,0.056312,0.056312,0.0412559494736842,0.0412559494736842,0.0,0.0,Tongzhou
2014,通州区,central,0.437462,0.437462,0.3204984757894737,0.3204984757894737,0.0,0.0,Tongzhou
2014,通州区,deep,0.437462,0.437462,0.3204984757894737,0.3204984757894737,0.0,0.0,Tongzhou
2014,延庆区,shallow,0.020419,0.020419,0.0158814444444444,0.0158814444444444,0.0,0.0,Yanqing
2014,延庆区,central,0.020419,0.020419,0.0158814444444444,0.0158814444444444,0.0,0.0,Yanqing
2014,延庆区,deep,0.1827379999999999,0.1827379999999999,0.1421295555555555,0.1421295555555555,0.0,0.0,Yanqing
2015,昌平区,shallow,0.0,0.0,0.0,0.0,0.0,,Changping
2015,昌平区,central,0.0,0.0,0.0,0.0,0.0,,Changping
2015,昌平区,deep,0.0,0.0,0.0,0.0,0.0,,Changping
2015,大兴区,shallow,0.0,0.0,0.0,0.0,0.0,,Daxing
2015,大兴区,central,0.0,0.0,0.0,0.0,0.0,,Daxing
2015,大兴区,deep,0.009993,0.009993,0.0074344057971014,0.0074344057971014,0.0,0.0,Daxing
2015,房山区,shallow,0.0,0.0,0.0,0.0,0.0,,Fangshan
2015,房山区,central,0.09858,0.09858,0.09858,0.1827336585365853,-0.0841536585365853,-0.853658536585366,Fangshan
2015,房山区,deep,0.491026,0.491026,0.491026,0.910194536585366,-0.4191685365853659,-0.8536585365853661,Fangshan
2015,怀柔区,shallow,0.0,0.0,0.0,0.0,0.0,,Huairou
2015,怀柔区,central,0.0,0.0,0.0,0.0,0.0,,Huairou
2015,怀柔区,deep,0.0,0.0,0.0,0.0,0.0,,Huairou
2015,门头沟区,shallow,0.0,0.0,0.0,0.0,0.0,,Mentougou
2015,门头沟区,central,0.0,0.0,0.0,0.0,0.0,,Mentougou
2015,门头沟区,deep,0.0,0.0,0.0,0.0,0.0,,Mentougou
2015,密云区,shallow,0.0,0.0,0.0,0.0,0.0,,Miyun
2015,密云区,central,0.0,0.0,0.0,0.0,0.0,,Miyun
2015,密云区,deep,0.0,0.0,0.0,0.0,0.0,,Miyun
2015,平谷区,shallow,0.0,0.0,0.0,0.0,0.0,,Pinggu
2015,平谷区,central,0.0,0.0,0.0,0.0,0.0,,Pinggu
2015,平谷区,deep,0.0,0.0,0.0,0.0,0.0,,Pinggu
2015,顺义区,shallow,0.0,0.0,0.0,0.0,0.0,,Shunyi
2015,顺义区,central,0.0,0.0,0.0,0.0,0.0,,Shunyi
2015,顺义区,deep,0.0,0.0,0.0,0.0,0.0,,Shunyi
2015,通州区,shallow,0.056312,0.056312,0.0414930526315789,0.0414930526315789,0.0,0.0,Tongzhou
2015,通州区,central,0.437462,0.437462,0.3223404210526315,0.3223404210526315,0.0,0.0,Tongzhou
2015,通州区,deep,0.437462,0.437462,0.3223404210526315,0.3223404210526315,0.0,0.0,Tongzhou
2015,延庆区,shallow,0.020419,0.020419,0.0158814444444444,0.0158814444444444,0.0,0.0,Yanqing
2015,延庆区,central,0.020419,0.020419,0.0158814444444444,0.0158814444444444,0.0,0.0,Yanqing
2015,延庆区,deep,0.1827379999999999,0.1827379999999999,0.1421295555555555,0.1421295555555555,0.0,0.0,Yanqing
2016,昌平区,shallow,0.0,0.0,0.0,0.0,0.0,,Changping
2016,昌平区,central,0.0,0.0,0.0,0.0,0.0,,Changping
2016,昌平区,deep,0.0,0.0,0.0,0.0,0.0,,Changping
2016,大兴区,shallow,0.0,0.0,0.0,0.0,0.0,,Daxing
2016,大兴区,central,0.0,0.0,0.0,0.0,0.0,,Daxing
2016,大兴区,deep,0.009993,0.009993,0.0079461246376811,0.0079461246376811,0.0,0.0,Daxing
2016,房山区,shallow,0.09858,0.09858,0.09858,0.1659029268292683,-0.0673229268292683,-0.6829268292682927,Fangshan
2016,房山区,central,0.491026,0.491026,0.491026,0.8263608292682928,-0.3353348292682928,-0.6829268292682928,Fangshan
2016,房山区,deep,0.491026,0.491026,0.491026,0.8263608292682928,-0.3353348292682928,-0.6829268292682928,Fangshan
2016,怀柔区,shallow,0.0,0.0,0.0,0.0,0.0,,Huairou
2016,怀柔区,central,0.0,0.0,0.0,0.0,0.0,,Huairou
2016,怀柔区,deep,0.0,0.0,0.0,0.0,0.0,,Huairou
2016,门头沟区,shallow,0.0,0.0,0.0,0.0,0.0,,Mentougou
2016,门头沟区,central,0.0,0.0,0.0,0.0,0.0,,Mentougou
2016,门头沟区,deep,0.022179,0.022179,0.022179,0.0421401,-0.0199611,-0.8999999999999999,Mentougou
2016,密云区,shallow,0.0,0.0,0.0,0.0,0.0,,Miyun
2016,密云区,central,0.0,0.0,0.0,0.0,0.0,,Miyun
2016,密云区,deep,0.0,0.0,0.0,0.0,0.0,,Miyun
2016,平谷区,shallow,0.0,0.0,0.0,0.0,0.0,,Pinggu
2016,平谷区,central,0.0,0.0,0.0,0.0,0.0,,Pinggu
2016,平谷区,deep,0.0,0.0,0.0,0.0,0.0,,Pinggu
2016,顺义区,shallow,0.0,0.0,0.0,0.0,0.0,,Shunyi
2016,顺义区,central,0.0,0.0,0.0,0.0,0.0,,Shunyi
2016,顺义区,deep,0.0,0.0,0.0,0.0,0.0,,Shunyi
2016,通州区,shallow,0.056312,0.056312,0.0444568421052631,0.0444568421052631,0.0,0.0,Tongzhou
2016,通州区,central,0.437462,0.437462,0.3453647368421053,0.3453647368421053,0.0,0.0,Tongzhou
2016,通州区,deep,0.437462,0.437462,0.3453647368421053,0.3453647368421053,0.0,0.0,Tongzhou
2016,延庆区,shallow,0.020419,0.020419,0.0167889555555555,0.0167889555555555,0.0,0.0,Yanqing
2016,延庆区,central,0.020419,0.020419,0.0167889555555555,0.0167889555555555,0.0,0.0,Yanqing
2016,延庆区,deep,0.1827379999999999,0.1827379999999999,0.1502512444444444,0.1502512444444444,0.0,0.0,Yanqing
2017,昌平区,shallow,0.0,0.0,0.0,0.0,0.0,,Changping
2017,昌平区,central,0.0,0.0,0.0,0.0,0.0,,Changping
2017,昌平区,deep,0.0,0.0,0.0,0.0,0.0,,Changping
2017,大兴区,shallow,0.0,0.0,0.0,0.0,0.0,,Daxing
2017,大兴区,central,0.0,0.0,0.0,0.0,0.0,,Daxing
2017,大兴区,deep,0.009993,0.009993,0.0084578434782608,0.0084578434782608,0.0,0.0,Daxing
2017,房山区,shallow,0.09858,0.09858,0.09858,0.1490721951219512,-0.0504921951219512,-0.5121951219512195,Fangshan
2017,房山区,central,0.09858,0.09858,0.09858,0.1490721951219512,-0.0504921951219512,-0.5121951219512195,Fangshan
2017,房山区,deep,0.491026,0.491026,0.491026,0.7425271219512195,-0.2515011219512195,-0.5121951219512194,Fangshan
2017,怀柔区,shallow,0.0,0.0,0.0,0.0,0.0,,Huairou
2017,怀柔区,central,0.0,0.0,0.0,0.0,0.0,,Huairou
2017,怀柔区,deep,0.0,0.0,0.0,0.0,0.0,,Huairou
2017,门头沟区,shallow,0.0,0.0,0.0,0.0,0.0,,Mentougou
2017,门头沟区,central,0.022179,0.022179,0.022179,0.037149825,-0.014970825,-0.6750000000000002,Mentougou
2017,门头沟区,deep,0.022179,0.022179,0.022179,0.037149825,-0.014970825,-0.6750000000000002,Mentougou
2017,密云区,shallow,0.0,0.0,0.0,0.0,0.0,,Miyun
2017,密云区,central,0.0,0.0,0.0,0.0,0.0,,Miyun
2017,密云区,deep,0.0,0.0,0.0,0.0,0.0,,Miyun
2017,平谷区,shallow,0.0,0.0,0.0,0.0,0.0,,Pinggu
2017,平谷区,central,0.0,0.0,0.0,0.0,0.0,,Pinggu
2017,平谷区,deep,0.0,0.0,0.0,0.0,0.0,,Pinggu
2017,顺义区,shallow,0.0,0.0,0.0,0.0,0.0,,Shunyi
2017,顺义区,central,0.0,0.0,0.0,0.0,0.0,,Shunyi
2017,顺义区,deep,0.0,0.0,0.0,0.0,0.0,,Shunyi
2017,通州区,shallow,0.056312,0.056312,0.0474206315789473,0.0474206315789473,0.0,0.0,Tongzhou
2017,通州区,central,0.437462,0.437462,0.3683890526315789,0.3683890526315789,0.0,0.0,Tongzhou
2017,通州区,deep,0.437462,0.437462,0.3683890526315789,0.3683890526315789,0.0,0.0,Tongzhou
2017,延庆区,shallow,0.020419,0.020419,0.0176964666666666,0.0176964666666666,0.0,0.0,Yanqing
2017,延庆区,central,0.020419,0.020419,0.0176964666666666,0.0176964666666666,0.0,0.0,Yanqing
2017,延庆区,deep,0.1827379999999999,0.1827379999999999,0.1583729333333333,0.1583729333333333,0.0,0.0,Yanqing
2018,昌平区,shallow,0.0,0.0,0.0,0.0,0.0,,Changping
2018,昌平区,central,0.0,0.0,0.0,0.0,0.0,,Changping
2018,昌平区,deep,0.0,0.0,0.0,0.0,0.0,,Changping
2018,大兴区,shallow,0.0,0.0,0.0,0.0,0.0,,Daxing
2018,大兴区,central,0.0,0.0,0.0,0.0,0.0,,Daxing
2018,大兴区,deep,0.009993,0.009993,0.0089695623188405,0.0089695623188405,0.0,0.0,Daxing
2018,房山区,shallow,0.09858,0.09858,0.09858,0.1322414634146341,-0.0336614634146341,-0.3414634146341465,Fangshan
2018,房山区,central,0.09858,0.09858,0.09858,0.1322414634146341,-0.0336614634146341,-0.3414634146341465,Fangshan
2018,房山区,deep,0.491026,0.491026,0.491026,0.6586934146341464,-0.1676674146341464,-0.3414634146341465,Fangshan
2018,怀柔区,shallow,0.0,0.0,0.0,0.0,0.0,,Huairou
2018,怀柔区,central,0.0,0.0,0.0,0.0,0.0,,Huairou
2018,怀柔区,deep,0.0,0.0,0.0,0.0,0.0,,Huairou
2018,门头沟区,shallow,0.0,0.0,0.0,0.0,0.0,,Mentougou
2018,门头沟区,central,0.022179,0.022179,0.022179,0.03215955,-0.00998055,-0.45,Mentougou
2018,门头沟区,deep,0.022179,0.022179,0.022179,0.03215955,-0.00998055,-0.45,Mentougou
2018,密云区,shallow,0.0,0.0,0.0,0.0,0.0,,Miyun
2018,密云区,central,0.0,0.0,0.0,0.0,0.0,,Miyun
2018,密云区,deep,0.0,0.0,0.0,0.0,0.0,,Miyun
2018,平谷区,shallow,0.0,0.0,0.0,0.0,0.0,,Pinggu
2018,平谷区,central,0.0,0.0,0.0,0.0,0.0,,Pinggu
2018,平谷区,deep,0.0,0.0,0.0,0.0,0.0,,Pinggu
2018,顺义区,shallow,0.0,0.0,0.0,0.0,0.0,,Shunyi
2018,顺义区,central,0.0,0.0,0.0,0.0,0.0,,Shunyi
2018,顺义区,deep,0.0,0.0,0.0,0.0,0.0,,Shunyi
2018,通州区,shallow,0.056312,0.056312,0.0503844210526315,0.0503844210526315,0.0,0.0,Tongzhou
2018,通州区,central,0.437462,0.437462,0.3914133684210527,0.3914133684210527,0.0,0.0,Tongzhou
2018,通州区,deep,0.437462,0.437462,0.3914133684210527,0.3914133684210527,0.0,0.0,Tongzhou
2018,延庆区,shallow,0.020419,0.020419,0.0186039777777777,0.0186039777777777,0.0,0.0,Yanqing
2018,延庆区,central,0.020419,0.020419,0.0186039777777777,0.0186039777777777,0.0,0.0,Yanqing
2018,延庆区,deep,0.1827379999999999,0.1827379999999999,0.1664946222222222,0.1664946222222222,0.0,0.0,Yanqing
2019,昌平区,shallow,0.0,0.0,0.0,0.0,0.0,,Changping
2019,昌平区,central,0.0,0.0,0.0,0.0,0.0,,Changping
2019,昌平区,deep,0.0,0.0,0.0,0.0,0.0,,Changping
2019,大兴区,shallow,0.0,0.0,0.0,0.0,0.0,,Daxing
2019,大兴区,central,0.0,0.0,0.0,0.0,0.0,,Daxing
2019,大兴区,deep,0.009993,0.009993,0.0094812811594202,0.0094812811594202,0.0,0.0,Daxing
2019,房山区,shallow,0.09858,0.09858,0.09858,0.115410731707317,-0.016830731707317,-0.1707317073170731,Fangshan
2019,房山区,central,0.09858,0.09858,0.09858,0.115410731707317,-0.016830731707317,-0.1707317073170731,Fangshan
2019,房山区,deep,0.491026,0.491026,0.491026,0.5748597073170731,-0.0838337073170731,-0.170731707317073,Fangshan
2019,怀柔区,shallow,0.0,0.0,0.0,0.0,0.0,,Huairou
2019,怀柔区,central,0.0,0.0,0.0,0.0,0.0,,Huairou
2019,怀柔区,deep,0.031538,0.031538,0.031237638095238,0.031237638095238,0.0,0.0,Huairou
2019,门头沟区,shallow,0.0,0.0,0.0,0.0,0.0,,Mentougou
2019,门头沟区,central,0.0,0.0,0.0,0.0,0.0,,Mentougou
2019,门头沟区,deep,0.0,0.0,0.0,0.0,0.0,,Mentougou
2019,密云区,shallow,0.0,0.0,0.0,0.0,0.0,,Miyun
2019,密云区,central,0.0,0.0,0.0,0.0,0.0,,Miyun
2019,密云区,deep,0.0,0.0,0.0,0.0,0.0,,Miyun
2019,平谷区,shallow,0.0,0.0,0.0,0.0,0.0,,Pinggu
2019,平谷区,central,0.0,0.0,0.0,0.0,0.0,,Pinggu
2019,平谷区,deep,0.0,0.0,0.0,0.0,0.0,,Pinggu
2019,顺义区,shallow,0.0,0.0,0.0,0.0,0.0,,Shunyi
2019,顺义区,central,0.0,0.0,0.0,0.0,0.0,,Shunyi
2019,顺义区,deep,0.0,0.0,0.0,0.0,0.0,,Shunyi
2019,通州区,shallow,0.056312,0.056312,0.0533482105263158,0.0533482105263158,0.0,0.0,Tongzhou
2019,通州区,central,0.437462,0.437462,0.4144376842105263,0.4144376842105263,0.0,0.0,Tongzhou
2019,通州区,deep,0.437462,0.437462,0.4144376842105263,0.4144376842105263,0.0,0.0,Tongzhou
2019,延庆区,shallow,0.020419,0.020419,0.0195114888888888,0.0195114888888888,0.0,0.0,Yanqing
2019,延庆区,central,0.020419,0.020419,0.0195114888888888,0.0195114888888888,0.0,0.0,Yanqing
2019,延庆区,deep,0.1827379999999999,0.1827379999999999,0.1746163111111111,0.1746163111111111,0.0,0.0,Yanqing
2020,昌平区,shallow,0.0,0.0,0.0,0.0,0.0,,Changping
2020,昌平区,central,0.0,0.0,0.0,0.0,0.0,,Changping
2020,昌平区,deep,0.0,0.0,0.0,0.0,0.0,,Changping
2020,大兴区,shallow,0.0,0.0,0.0,0.0,0.0,,Daxing
2020,大兴区,central,0.009993,0.009993,0.009993,0.009993,0.0,0.0,Daxing
2020,大兴区,deep,0.009993,0.009993,0.009993,0.009993,0.0,0.0,Daxing
2020,房山区,shallow,0.09858,0.09858,0.09858,0.09858,0.0,0.0,Fangshan
2020,房山区,central,0.491026,0.491026,0.491026,0.491026,0.0,0.0,Fangshan
2020,房山区,deep,0.491026,0.491026,0.491026,0.491026,0.0,0.0,Fangshan
2020,怀柔区,shallow,0.0,0.0,0.0,0.0,0.0,,Huairou
2020,怀柔区,central,0.0,0.0,0.0,0.0,0.0,,Huairou
2020,怀柔区,deep,0.031538,0.031538,0.031538,0.031538,0.0,0.0,Huairou
2020,门头沟区,shallow,0.0,0.0,0.0,0.0,0.0,,Mentougou
2020,门头沟区,central,0.0,0.0,0.0,0.0,0.0,,Mentougou
2020,门头沟区,deep,0.0,0.0,0.0,0.0,0.0,,Mentougou
2020,密云区,shallow,0.0,0.0,0.0,0.0,0.0,,Miyun
2020,密云区,central,0.0,0.0,0.0,0.0,0.0,,Miyun
2020,密云区,deep,0.0,0.0,0.0,0.0,0.0,,Miyun
2020,平谷区,shallow,0.0,0.0,0.0,0.0,0.0,,Pinggu
2020,平谷区,central,0.0,0.0,0.0,0.0,0.0,,Pinggu
2020,平谷区,deep,0.0,0.0,0.0,0.0,0.0,,Pinggu
2020,顺义区,shallow,0.0,0.0,0.0,0.0,0.0,,Shunyi
2020,顺义区,central,0.0,0.0,0.0,0.0,0.0,,Shunyi
2020,顺义区,deep,0.0,0.0,0.0,0.0,0.0,,Shunyi
2020,通州区,shallow,0.056312,0.056312,0.056312,0.056312,0.0,0.0,Tongzhou
2020,通州区,central,0.437462,0.437462,0.437462,0.437462,0.0,0.0,Tongzhou
2020,通州区,deep,0.437462,0.437462,0.437462,0.437462,0.0,0.0,Tongzhou
2020,延庆区,shallow,0.020419,0.020419,0.020419,0.020419,0.0,0.0,Yanqing
2020,延庆区,central,0.1827379999999999,0.1827379999999999,0.1827379999999999,0.1827379999999999,0.0,0.0,Yanqing
2020,延庆区,deep,0.1827379999999999,0.1827379999999999,0.1827379999999999,0.1827379999999999,0.0,0.0,Yanqing
