district,gw_level_delta_m,district_en
东城区,11.237333333333332,Dongcheng
丰台区,10.463125000000002,Fengtai
大兴区,8.090597916666669,Daxing
密云区,16.520625000000003,Miyun
平谷区,25.20625,Pinggu
延庆区,4.830416666666667,Yanqing
怀柔区,15.94875,Huairou
房山区,14.239916666666666,Fangshan
昌平区,19.672708333333333,Changping
朝阳区,10.538333333333334,Chaoyang
海淀区,17.341874999999998,Haidian
石景山区,16.38972222222222,Shijingshan
西城区,12.032541666666667,Xicheng
通州区,3.9125000000000005,Tongzhou
门头沟区,23.748958333333327,Mentougou
顺义区,18.237083333333334,Shunyi
