year,district,depth_m
2000,昌平区,15.9
2000,大兴区,11.7
2000,房山区,10.4
2000,怀柔区,6.9
2000,门头沟区,19.3
2000,密云区,19.3
2000,平谷区,19.6
2000,顺义区,16.8
2000,通州区,5.7
2000,延庆区,8.4
2001,昌平区,17.4
2001,大兴区,12.6
2001,房山区,12.0
2001,怀柔区,7.7
2001,门头沟区,19.9
2001,密云区,22.0
2001,平谷区,17.9
2001,顺义区,17.5
2001,通州区,6.4
2001,延庆区,8.2
2002,昌平区,19.1
2002,大兴区,13.2
2002,房山区,11.7
2002,怀柔区,10.4
2002,门头沟区,19.7
2002,密云区,22.7
2002,平谷区,20.7
2002,顺义区,18.7
2002,通州区,6.4
2002,延庆区,8.3
2003,昌平区,18.5
2003,大兴区,13.9
2003,房山区,11.1
2003,怀柔区,11.7
2003,门头沟区,19.9
2003,密云区,24.2
2003,平谷区,20.6
2003,顺义区,19.1
2003,通州区,7.0
2003,延庆区,8.6
2004,昌平区,21.1
2004,大兴区,15.0
2004,房山区,11.4
2004,怀柔区,14.1
2004,门头沟区,19.6
2004,密云区,25.5
2004,平谷区,23.0
2004,顺义区,22.3
2004,通州区,7.5
2004,延庆区,8.5
2005,昌平区,22.7
2005,大兴区,15.9
2005,房山区,20.0
2005,怀柔区,15.9
2005,门头沟区,20.0
2005,密云区,25.4
2005,平谷区,26.0
2005,顺义区,24.4
2005,通州区,8.1
2005,延庆区,8.7
2006,昌平区,23.1
2006,大兴区,17.3
2006,房山区,11.8
2006,怀柔区,16.7
2006,门头沟区,19.0
2006,密云区,26.1
2006,平谷区,29.8
2006,顺义区,26.2
2006,通州区,7.6
2006,延庆区,8.4
2007,昌平区,25.3
2007,大兴区,17.9
2007,房山区,11.6
2007,怀柔区,19.2
2007,门头沟区,19.8
2007,密云区,28.0
2007,平谷区,33.2
2007,顺义区,28.2
2007,通州区,7.5
2007,延庆区,9.0
2008,昌平区,26.3
2008,大兴区,18.6
2008,房山区,11.1
2008,怀柔区,19.7
2008,门头沟区,20.1
2008,密云区,28.2
2008,平谷区,34.6
2008,顺义区,29.0
2008,通州区,7.6
2008,延庆区,8.8
2009,昌平区,27.5
2009,大兴区,19.3
2009,房山区,11.6
2009,怀柔区,20.1
2009,门头沟区,20.5
2009,密云区,28.9
2009,平谷区,37.7
2009,顺义区,30.4
2009,通州区,7.2
2009,延庆区,9.2
2010,昌平区,29.3
2010,大兴区,18.8
2010,房山区,12.6
2010,怀柔区,21.3
2010,门头沟区,20.7
2010,密云区,29.9
2010,平谷区,39.4
2010,顺义区,31.6
2010,通州区,7.4
2010,延庆区,9.3
2011,昌平区,29.9
2011,大兴区,18.9
2011,房山区,10.7
2011,怀柔区,22.3
2011,门头沟区,20.0
2011,密云区,29.5
2011,平谷区,39.4
2011,顺义区,32.4
2011,通州区,7.1
2011,延庆区,9.3
2012,昌平区,30.2
2012,大兴区,17.9
2012,房山区,8.4
2012,怀柔区,21.2
2012,门头沟区,19.4
2012,密云区,28.7
2012,平谷区,37.3
2012,顺义区,32.4
2012,通州区,6.6
2012,延庆区,9.2
2013,昌平区,31.3
2013,大兴区,17.8
2013,房山区,8.9
2013,怀柔区,21.5
2013,门头沟区,21.5
2013,密云区,29.8
2013,平谷区,36.9
2013,顺义区,33.4
2013,通州区,6.8
2013,延庆区,9.3
2014,昌平区,32.3
2014,大兴区,19.0
2014,房山区,10.2
2014,怀柔区,22.6
2014,门头沟区,23.3
2014,密云区,30.4
2014,平谷区,40.5
2014,顺义区,34.4
2014,通州区,7.5
2014,延庆区,10.4
2015,昌平区,32.3
2015,大兴区,18.7
2015,房山区,10.6
2015,怀柔区,22.3
2015,门头沟区,23.0
2015,密云区,30.6
2015,平谷区,41.8
2015,顺义区,34.3
2015,通州区,8.1
2015,延庆区,10.4
2016,昌平区,30.7
2016,大兴区,17.8
2016,房山区,9.0
2016,怀柔区,21.6
2016,门头沟区,20.0
2016,密云区,29.7
2016,平谷区,42.4
2016,顺义区,33.7
2016,通州区,7.6
2016,延庆区,9.8
2017,昌平区,30.2
2017,大兴区,17.9
2017,房山区,9.3
2017,怀柔区,21.2
2017,门头沟区,16.7
2017,密云区,31.3
2017,平谷区,42.0
2017,顺义区,34.1
2017,通州区,7.8
2017,延庆区,10.0
2018,昌平区,29.4
2018,大兴区,17.9
2018,房山区,9.6
2018,怀柔区,17.3
2018,门头沟区,17.0
2018,密云区,24.9
2018,平谷区,32.8
2018,顺义区,33.3
2018,通州区,7.3
2018,延庆区,9.7
2019,丰台区,21.6275
2019,大兴区,18.1425
2019,密云区,24.1075
2019,平谷区,30.240000000000002
2019,延庆区,10.1125
2019,怀柔区,17.060000000000002
2019,房山区,10.190000000000001
2019,昌平区,28.9125
2019,朝阳区,31.38
2019,海淀区,26.455
2019,石景山区,23.3875
2019,通州区,9.6125
2019,门头沟区,36.67
2019,顺义区,31.55
2020,东城区,25.024
2020,丰台区,20.735833333333336
2020,大兴区,17.485
2020,密云区,24.76625
2020,平谷区,33.92166666666667
2020,延庆区,8.545416666666666
2020,怀柔区,17.808333333333334
2020,房山区,9.878333333333334
2020,昌平区,27.950833333333332
2020,朝阳区,30.593333333333334
2020,海淀区,25.734583333333333
2020,石景山区,29.455416666666668
2020,西城区,24.424
2020,通州区,8.742083333333333
2020,门头沟区,38.34083333333333
2020,顺义区,30.2925
2021,东城区,24.265
2021,丰台区,18.012083333333333
2021,大兴区,16.68777777777778
2021,密云区,21.153958333333332
2021,平谷区,31.509583333333335
2021,延庆区,7.51625
2021,怀柔区,13.462083333333334
2021,房山区,8.152152777777777
2021,昌平区,26.282083333333333
2021,朝阳区,29.350555555555555
2021,海淀区,24.34826388888889
2021,石景山区,32.52284722222222
2021,西城区,21.636875
2021,通州区,7.500681818181818
2021,门头沟区,33.50354166666667
2021,顺义区,26.27965277777778
2022,东城区,21.052083333333332
2022,丰台区,14.633541666666666
2022,大兴区,15.832083333333335
2022,密云区,17.155416666666667
2022,平谷区,21.20375
2022,延庆区,7.21625
2022,怀柔区,7.725208333333334
2022,房山区,7.3232638888888895
2022,昌平区,22.28916666666667
2022,朝阳区,27.648263888888888
2022,海淀区,18.809166666666666
2022,石景山区,24.980833333333333
2022,西城区,18.872291666666666
2022,通州区,7.180208333333333
2022,门头沟区,24.397500000000004
2022,顺义区,20.924166666666668
2023,东城区,18.432438725490197
2023,丰台区,12.648100490196079
2023,大兴区,14.590710784313726
2023,密云区,19.43518382352941
2023,平谷区,23.609411764705882
2023,延庆区,6.947095588235293
2023,怀柔区,7.73406045751634
2023,房山区,7.0517045454545455
2023,昌平区,20.26158088235294
2023,朝阳区,26.25582107843137
2023,海淀区,16.269129901960785
2023,石景山区,24.519411764705882
2023,西城区,16.166093749999998
2023,通州区,7.327500000000001
2023,门头沟区,23.88321078431373
2023,顺义区,20.019252450980392
2024,东城区,16.43048611111111
2024,丰台区,11.760347222222222
2024,大兴区,13.176944444444445
2024,密云区,17.650069444444444
2024,平谷区,21.213055555555556
2024,延庆区,6.402361111111111
2024,怀柔区,7.44575
2024,房山区,6.296388888888889
2024,昌平区,16.53090277777778
2024,朝阳区,24.061180555555556
2024,海淀区,11.684722222222222
2024,石景山区,20.378125
2024,西城区,14.53326388888889
2024,通州区,6.436875
2024,门头沟区,19.694930555555555
2024,顺义区,18.404861111111114
2025,东城区,13.786666666666667
2025,丰台区,11.164375
2025,大兴区,11.209402083333332
2025,密云区,14.779375
2025,平谷区,17.193749999999998
2025,延庆区,5.569583333333333
2025,怀柔区,6.65125
2025,房山区,5.760083333333333
2025,昌平区,12.627291666666666
2025,朝阳区,20.841666666666665
2025,海淀区,9.113125
2025,石景山区,16.133125
2025,西城区,12.391458333333333
2025,通州区,5.793125
2025,门头沟区,14.591875
2025,顺义区,16.162916666666664
