district,district_en,code,year,n_wells,depth_min_m,depth_p25_m,depth_p75_m,depth_max_m
怀柔区,Huairou,HR,2000,3,5.0,5.0,7.0,9.0
怀柔区,Huairou,HR,2002,3,9.0,10.5,13.5,15.0
怀柔区,Huairou,HR,2003,3,17.5,19.75,23.5,25.0
怀柔区,Huairou,HR,2005,3,15.0,17.5,22.25,24.5
怀柔区,Huairou,HR,2006,3,18.43,19.78,24.54,27.95
怀柔区,Huairou,HR,2007,3,26.13,27.78,32.44,35.45
怀柔区,Huairou,HR,2008,3,23.63,26.53,34.19,38.95
怀柔区,Huairou,HR,2010,3,23.63,28.53,35.69,37.95
怀柔区,Huairou,HR,2011,3,12.95,13.29,27.03,40.43
怀柔区,Huairou,HR,2012,3,27.13,32.78,41.19,43.95
怀柔区,Huairou,HR,2014,3,31.13,37.28,45.69,47.95
怀柔区,Huairou,HR,2015,3,31.13,32.28,38.19,42.95
怀柔区,Huairou,HR,2016,3,26.13,32.28,43.19,47.95
怀柔区,Huairou,HR,2017,3,31.13,34.78,40.69,42.95
怀柔区,Huairou,HR,2018,3,26.13,27.28,31.19,33.95
怀柔区,Huairou,HR,2019,3,12.77,17.535,22.995,23.69
怀柔区,Huairou,HR,2020,3,13.08,18.185,24.295,25.3
房山区,Fangshan,FS,2000,10,7.0,8.25,11.75,15.0
房山区,Fangshan,FS,2002,10,7.5,10.0,12.875,17.5
房山区,Fangshan,FS,2003,10,9.0,10.0,12.375,12.5
房山区,Fangshan,FS,2005,10,8.0,9.25,11.75,15.0
房山区,Fangshan,FS,2006,10,0.0,4.1025,8.545,11.18
房山区,Fangshan,FS,2007,10,4.3,7.44,10.8975,12.55
房山区,Fangshan,FS,2008,10,5.8,6.835,10.942499999999999,13.99
房山区,Fangshan,FS,2010,10,5.3,8.19,11.3575,13.18
房山区,Fangshan,FS,2011,10,0.62,4.465,11.79,12.73
房山区,Fangshan,FS,2012,10,0.0,1.715,6.425000000000001,10.68
房山区,Fangshan,FS,2014,10,3.98,5.12,9.887500000000001,13.18
房山区,Fangshan,FS,2015,10,2.12,4.585,9.72,13.18
房山区,Fangshan,FS,2016,10,0.0,3.705,7.9025,12.18
房山区,Fangshan,FS,2017,10,1.48,3.95,8.925,14.18
房山区,Fangshan,FS,2018,10,6.3,8.015,15.42,17.96
房山区,Fangshan,FS,2019,10,3.0,8.25,13.535,18.18
房山区,Fangshan,FS,2020,10,1.95,6.0,11.177499999999998,15.25
通州区,Tongzhou,TZ,2000,13,4.79,4.9,5.86,22.25
通州区,Tongzhou,TZ,2002,13,4.33,5.21,6.57,24.21
通州区,Tongzhou,TZ,2003,13,8.25,8.7,10.19,28.84
通州区,Tongzhou,TZ,2005,13,5.98,6.46,9.11,29.03
通州区,Tongzhou,TZ,2006,13,0.0,5.14,9.32,16.75
通州区,Tongzhou,TZ,2007,13,3.89,5.92,7.58,18.93
通州区,Tongzhou,TZ,2008,13,3.45,4.7,9.06,16.09
通州区,Tongzhou,TZ,2010,13,2.87,4.64,8.28,18.81
通州区,Tongzhou,TZ,2011,13,0.3,3.55,7.38,17.19
通州区,Tongzhou,TZ,2012,13,0.28,3.25,7.24,16.2
通州区,Tongzhou,TZ,2014,13,3.42,5.27,9.58,18.41
通州区,Tongzhou,TZ,2015,13,0.61,3.51,8.0,17.49
通州区,Tongzhou,TZ,2016,13,4.6,4.93,8.91,15.97
通州区,Tongzhou,TZ,2017,13,4.51,5.36,8.47,18.33
通州区,Tongzhou,TZ,2018,13,4.53,5.3,7.34,10.06
通州区,Tongzhou,TZ,2019,13,4.13,7.3,10.44,10.98
通州区,Tongzhou,TZ,2020,13,4.11,7.53,9.35,10.59
大兴区,Daxing,DX,2000,11,6.81,9.094999999999999,12.25,17.5
大兴区,Daxing,DX,2002,11,4.74,12.25,14.5,17.5
大兴区,Daxing,DX,2003,11,9.9,13.25,16.0,18.0
大兴区,Daxing,DX,2005,11,7.45,14.71,17.0,19.0
大兴区,Daxing,DX,2006,11,5.38,13.280000000000001,18.825,20.84
大兴区,Daxing,DX,2007,11,5.1,17.055,20.445,25.34
大兴区,Daxing,DX,2008,11,9.49,17.35,19.575,25.34
大兴区,Daxing,DX,2010,11,8.51,16.23,19.825,24.84
大兴区,Daxing,DX,2011,11,3.17,16.259999999999998,19.66,25.84
大兴区,Daxing,DX,2012,11,2.9,17.32,20.825,24.84
大兴区,Daxing,DX,2014,11,3.41,18.35,23.79,25.84
大兴区,Daxing,DX,2015,11,3.42,16.25,22.205,24.29
大兴区,Daxing,DX,2016,11,4.19,16.32,20.86,24.29
大兴区,Daxing,DX,2017,11,3.93,16.82,20.17,23.34
大兴区,Daxing,DX,2018,11,6.12,16.535,20.455,24.34
大兴区,Daxing,DX,2019,11,6.85,16.04,20.814999999999998,21.81
大兴区,Daxing,DX,2020,11,7.03,15.115,19.75,20.67
