district,2000,2001,2002,2003,2004,2005,2006,2007,2008,2009,2010,2011,2012,2013,2014,2015,2016,2017,2018,2019,2020
房山区,0.09858,0.09858,0.09858,0.09858,0.09858,0.0,0.09858,0.09858,0.09858,0.09858,0.09858,0.09858,0.491026,0.491026,0.09858,0.09858,0.491026,0.09858,0.09858,0.09858,0.491026
大兴区,0.087487,0.087487,0.009993,0.009993,0.009993,0.009993,0.0,0.0,0.0,0.0,0.0,0.0,0.0,0.0,0.0,0.0,0.0,0.0,0.0,0.0,0.009993
通州区,0.437462,0.437462,0.437462,0.437462,0.437462,0.437462,0.437462,0.437462,0.437462,0.437462,0.437462,0.437462,0.437462,0.437462,0.437462,0.437462,0.437462,0.437462,0.437462,0.437462,0.437462
延庆区,0.1827379999999999,0.1827379999999999,0.1827379999999999,0.1827379999999999,0.1827379999999999,0.1827379999999999,0.1827379999999999,0.1827379999999999,0.1827379999999999,0.020419,0.020419,0.020419,0.020419,0.020419,0.020419,0.020419,0.020419,0.020419,0.020419,0.020419,0.1827379999999999
怀柔区,0.387258,0.387258,0.031538,0.031538,0.0,0.0,0.0,0.0,0.0,0.0,0.0,0.0,0.0,0.0,0.0,0.0,0.0,0.0,0.0,0.0,0.0
昌平区,0.001292,0.0,0.0,0.0,0.0,0.0,0.0,0.0,0.0,0.0,0.0,0.0,0.0,0.0,0.0,0.0,0.0,0.0,0.0,0.0,0.0
门头沟区,0.0,0.0,0.0,0.0,0.0,0.0,0.0,0.0,0.0,0.0,0.0,0.0,0.0,0.0,0.0,0.0,0.0,0.022179,0.022179,0.0,0.0
密云区,0.0,0.0,0.0,0.0,0.0,0.0,0.0,0.0,0.0,0.0,0.0,0.0,0.0,0.0,0.0,0.0,0.0,0.0,0.0,0.0,0.0
平谷区,0.0,0.0,0.0,0.0,0.0,0.0,0.0,0.0,0.0,0.0,0.0,0.0,0.0,0.0,0.0,0.0,0.0,0.0,0.0,0.0,0.0
顺义区,0.0,0.0,0.0,0.0,0.0,0.0,0.0,0.0,0.0,0.0,0.0,0.0,0.0,0.0,0.0,0.0,0.0,0.0,0.0,0.0,0.0
