district,district_en,layer_bucket,representative_depth_m,layer_fraction
大兴区,Daxing,B1,5.0,0.524891
大兴区,Daxing,B2,9.0,0.387622
大兴区,Daxing,B3,13.0,0.077494
大兴区,Daxing,B4,17.0,0.009993
大兴区,Daxing,B5+,21.0,0.0
怀柔区,Huairou,B1,5.0,0.612742
怀柔区,Huairou,B2,9.0,0.35572
怀柔区,Huairou,B3,13.0,0.031538
怀柔区,Huairou,B4,17.0,0.0
怀柔区,Huairou,B5+,21.0,0.0
房山区,Fangshan,B1,5.0,0.508974
房山区,Fangshan,B2,9.0,0.392446
房山区,Fangshan,B3,13.0,0.09858
房山区,Fangshan,B4,17.0,0.0
房山区,Fangshan,B5+,21.0,0.0
通州区,Tongzhou,B1,5.0,0.562538
通州区,Tongzhou,B2,9.0,0.38115
通州区,Tongzhou,B3,13.0,0.056312
通州区,Tongzhou,B4,17.0,0.0
通州区,Tongzhou,B5+,21.0,0.0
