district,2019-09,2019-10,2019-11,2019-12,2020-01,2020-02,2020-03,2020-04,2020-05,2020-06,2020-07,2020-08,2020-09,2020-10,2020-11,2020-12,2021-01,2021-02,2021-03,2021-04,2021-05,2021-06,2021-07,2021-08,2021-09,2021-10,2021-11,2021-12,2022-01,2022-02,2022-03,2022-04,2022-05,2022-06,2022-07,2022-08,2022-09,2022-10,2022-11,2022-12,2023-01,2023-02,2023-03,2023-04,2023-05,2023-06,2023-07,2023-08,2023-09,2023-10,2023-11,2023-12,2024-01,2024-02,2024-03,2024-04,2024-05,2024-06,2024-07,2024-08,2024-09,2024-10,2024-11,2024-12,2025-01,2025-02,2025-03,2025-04,2025-05,2025-06,2025-07,2025-08,2025-09,2025-10,2025-11,2025-12
房山区,0.09858,0.09858,0.09858,0.09858,0.09858,0.09858,0.09858,0.09858,0.09858,0.09858,0.09858,0.09858,0.09858,0.09858,0.491026,0.491026,0.491026,0.491026,0.491026,0.09858,0.09858,0.09858,0.491026,0.491026,0.491026,0.491026,0.491026,0.491026,0.491026,0.491026,0.491026,0.491026,0.491026,0.491026,0.491026,0.491026,0.491026,0.491026,0.491026,0.491026,0.491026,0.491026,0.491026,0.491026,0.491026,0.09858,0.491026,0.491026,0.491026,0.491026,0.491026,0.491026,0.491026,0.491026,0.491026,0.491026,0.491026,0.491026,0.491026,0.491026,0.491026,0.491026,0.491026,0.491026,0.491026,0.491026,0.491026,0.491026,0.491026,0.491026,0.491026,1.0,1.0,1.0,1.0,1.0
延庆区,0.020419,0.020419,0.020419,0.020419,0.1827379999999999,0.1827379999999999,0.1827379999999999,0.1827379999999999,0.020419,0.020419,0.020419,0.1827379999999999,0.1827379999999999,0.1827379999999999,0.1827379999999999,0.1827379999999999,0.1827379999999999,0.1827379999999999,0.1827379999999999,0.1827379999999999,0.1827379999999999,0.1827379999999999,0.1827379999999999,0.1827379999999999,0.1827379999999999,0.1827379999999999,0.1827379999999999,0.1827379999999999,0.1827379999999999,0.1827379999999999,0.1827379999999999,0.1827379999999999,0.1827379999999999,0.1827379999999999,0.1827379999999999,0.1827379999999999,0.1827379999999999,0.1827379999999999,0.1827379999999999,0.1827379999999999,0.1827379999999999,0.1827379999999999,0.1827379999999999,0.1827379999999999,0.1827379999999999,0.1827379999999999,0.1827379999999999,0.1827379999999999,0.1827379999999999,0.1827379999999999,0.1827379999999999,0.1827379999999999,0.1827379999999999,0.1827379999999999,0.1827379999999999,0.1827379999999999,0.1827379999999999,0.1827379999999999,0.1827379999999999,0.1827379999999999,0.1827379999999999,0.1827379999999999,0.1827379999999999,0.1827379999999999,0.1827379999999999,0.1827379999999999,0.1827379999999999,0.1827379999999999,0.1827379999999999,0.1827379999999999,0.1827379999999999,0.1827379999999999,0.1827379999999999,1.0,1.0,1.0
通州区,0.056312,0.056312,0.056312,0.056312,0.056312,0.437462,0.437462,0.056312,0.056312,0.056312,0.056312,0.437462,0.437462,0.437462,0.437462,0.437462,0.437462,0.437462,0.437462,0.437462,0.056312,0.437462,,0.437462,0.437462,0.437462,0.437462,0.437462,0.437462,0.437462,0.437462,0.437462,0.437462,0.437462,0.437462,0.437462,0.437462,0.437462,0.437462,0.437462,0.437462,0.437462,0.437462,0.437462,0.437462,0.437462,0.437462,0.437462,0.437462,0.437462,0.437462,0.437462,0.437462,0.437462,0.437462,0.437462,0.437462,0.437462,0.437462,0.437462,0.437462,0.437462,0.437462,0.437462,0.437462,0.437462,0.437462,0.437462,0.437462,0.437462,0.437462,0.437462,0.437462,0.437462,0.437462,0.437462
怀柔区,0.0,0.0,0.0,0.0,0.0,0.0,0.0,0.0,0.0,0.0,0.0,0.0,0.0,0.0,0.0,0.0,0.0,0.0,0.0,0.0,0.0,0.0,0.0,0.0,0.0,0.031538,0.387258,0.387258,0.387258,0.387258,0.387258,0.387258,0.387258,0.387258,0.387258,0.387258,0.387258,0.387258,0.387258,0.387258,0.387258,0.387258,0.387258,0.387258,0.387258,0.387258,0.387258,0.387258,0.387258,0.387258,0.387258,0.387258,0.387258,0.387258,0.387258,0.387258,0.387258,0.387258,0.387258,0.387258,0.387258,0.387258,0.387258,0.387258,0.387258,0.387258,0.387258,0.387258,0.387258,0.387258,0.387258,0.387258,0.387258,0.387258,0.387258,0.387258
西城区,,,,,,,,,,,,0.0,0.0,0.0,0.0,0.0,0.0,0.0,0.0,0.0,0.0,0.0,0.0,0.0,0.0,0.0,0.0,0.0,0.0,0.0,0.0,0.0,0.0,0.0,0.0,0.0,0.0,0.0,0.0,0.0,0.072026,0.072026,0.072026,0.072026,0.072026,0.072026,0.072026,0.072026,0.072026,0.072026,0.072026,0.072026,0.072026,0.072026,0.072026,0.072026,0.072026,0.072026,0.072026,0.072026,0.072026,0.072026,0.072026,0.243094,0.243094,0.243094,0.243094,0.243094,0.243094,0.243094,0.243094,0.243094,0.243094,0.243094,0.243094,0.243094
海淀区,0.0,0.0,0.0,0.0,0.0,0.0,0.0,0.0,0.0,0.0,0.0,0.0,0.0,0.0,0.0,0.0,0.0,0.0,0.0,0.0,0.0,0.0,0.0,0.0,0.0,0.0,0.0,0.0,0.0,0.0,0.0,0.0,0.0,0.0,0.0,0.0,0.0,0.0,0.0,0.0,0.014557,0.014557,0.014557,0.0,0.0,0.0,0.0,0.014557,0.014557,0.014557,0.014557,0.014557,0.038602,0.038602,0.038602,0.038602,0.038602,0.014557,0.038602,0.038602,0.038602,0.038602,0.038602,0.038602,0.038602,0.038602,0.038602,0.038602,0.038602,0.038602,0.038602,0.205963,0.205963,0.205963,0.205963,0.205963
丰台区,0.0,0.0,0.0,0.0,0.0,0.0,0.0,0.0,0.0,0.0,0.0,0.0,0.0,0.0,0.0,0.0,0.0,0.0,0.0,0.0,0.0,0.0,0.0,0.0,0.0,0.031784,0.031784,0.031784,0.031784,0.031784,0.031784,0.031784,0.031784,0.031784,0.031784,0.031784,0.031784,0.031784,0.031784,0.031784,0.031784,0.031784,0.031784,0.031784,0.179886,0.179886,0.179886,0.179886,0.179886,0.179886,0.179886,0.179886,0.179886,0.179886,0.179886,0.179886,0.179886,0.179886,0.179886,0.179886,0.179886,0.179886,0.179886,0.179886,0.179886,0.179886,0.179886,0.179886,0.179886,0.179886,0.179886,0.179886,0.179886,0.179886,0.179886,0.179886
东城区,,,,,,,,,,,,0.0,0.0,0.0,0.0,0.0,0.0,0.0,0.0,0.0,0.0,0.0,0.0,0.0,0.0,0.0,0.0,0.0,0.0,0.0,0.0,0.0,0.0,0.0,0.0,0.0,0.0,0.0,0.0,0.0,0.0,0.0,0.0,0.0,0.0,0.0,0.0,0.0,0.0,0.0,0.0,0.0,0.0,0.0,0.041934,0.041934,0.041934,0.0,0.041934,0.041934,0.041934,0.041934,0.041934,0.041934,0.041934,0.041934,0.041934,0.041934,0.041934,0.041934,0.041934,0.041934,0.041934,0.175483,0.175483,0.175483
大兴区,0.0,0.0,0.0,0.0,0.0,0.009993,0.009993,0.0,0.0,0.0,0.0,0.0,0.0,0.0,0.0,0.009993,0.009993,0.009993,0.009993,0.0,0.0,0.0,0.009993,0.009993,0.009993,0.009993,0.009993,0.009993,0.009993,0.009993,0.009993,0.009993,0.009993,0.0,0.009993,0.009993,0.009993,0.009993,0.009993,0.009993,0.009993,0.009993,0.009993,0.009993,0.009993,0.009993,0.009993,0.009993,0.009993,0.009993,0.009993,0.009993,0.009993,0.087487,0.009993,0.009993,0.009993,0.009993,0.009993,0.009993,0.087487,0.087487,0.087487,0.087487,0.087487,0.087487,0.087487,0.087487,0.087487,0.087487,0.087487,0.087487,0.087487,0.087487,0.087487,0.087487
昌平区,0.0,0.0,0.0,0.0,0.0,0.0,0.0,0.0,0.0,0.0,0.0,0.0,0.0,0.0,0.0,0.0,0.0,0.0,0.0,0.0,0.0,0.0,0.0,0.0,0.0,0.0,0.0,0.0,0.0,0.0,0.0,0.0,0.0,0.0,0.0,0.0,0.0,0.0,0.0,0.0,0.0,0.0,0.0,0.0,0.0,0.0,0.0,0.0,0.0,0.0,0.0,0.0,0.0,0.0,0.001292,0.0,0.0,0.0,0.0,0.001292,0.001292,0.001292,0.001292,0.001292,0.001292,0.001292,0.001292,0.001292,0.001292,0.001292,0.001292,0.043421,0.043421,0.043421,0.043421,0.043421
石景山区,0.0,0.0,0.0,0.0,0.0,0.0,0.0,0.0,0.0,0.0,0.0,0.0,0.0,0.0,0.0,0.0,0.0,0.0,0.0,0.0,0.0,0.0,0.0,0.0,0.0,0.0,0.0,0.0,0.0,0.0,0.0,0.0,0.0,0.0,0.0,0.0,0.0,0.0,0.0,0.0,0.0,0.0,0.0,0.0,0.0,0.0,0.0,0.0,0.0,0.0,0.0,0.0,0.0,0.0,0.0,0.0,0.0,0.0,0.0,0.0,0.0,0.0,0.0,0.0,0.0,0.0,0.0,0.0,0.036363,0.036363,0.036363,0.036363,0.036363,0.036363,0.036363,0.036363
门头沟区,0.0,0.0,0.0,0.0,0.0,0.0,0.0,0.0,0.0,0.0,0.0,0.0,0.0,0.0,0.0,0.0,0.0,0.0,0.0,0.0,0.0,0.0,0.0,0.0,0.0,0.0,0.0,0.0,0.0,0.0,0.0,0.0,0.0,0.0,0.0,0.0,0.0,0.0,0.0,0.0,0.0,0.0,0.0,0.0,0.0,0.0,0.0,0.0,0.0,0.0,0.0,0.0,0.0,0.0,0.0,0.0,0.0,0.0,0.0,0.0,0.022179,0.022179,0.022179,0.022179,0.022179,0.0,0.022179,0.022179,0.022179,0.022179,0.022179,0.022179,0.250776,0.250776,0.022179,0.022179
朝阳区,0.0,0.0,0.0,0.0,0.0,0.0,0.0,0.0,0.0,0.0,0.0,0.0,0.0,0.0,0.0,0.0,0.0,0.0,0.0,0.0,0.0,0.0,0.0,0.0,0.0,0.0,0.0,0.0,0.0,0.0,0.0,0.0,0.0,0.0,0.0,0.0,0.0,0.0,0.0,0.0,0.0,0.0,0.0,0.0,0.0,0.0,0.0,0.0,0.0,0.0,0.0,0.0,0.0,0.0,0.0,0.0,0.0,0.0,0.0,0.0,0.0,0.0,0.0,0.0,0.0,0.0,0.0,0.0,0.0,0.0,0.0,0.0,0.0,0.0,0.0,0.0
顺义区,0.0,0.0,0.0,0.0,0.0,0.0,0.0,0.0,0.0,0.0,0.0,0.0,0.0,0.0,0.0,0.0,0.0,0.0,0.0,0.0,0.0,0.0,0.0,0.0,0.0,0.0,0.0,0.0,0.0,0.0,0.0,0.0,0.0,0.0,0.0,0.0,0.0,0.0,0.0,0.0,0.0,0.0,0.0,0.0,0.0,0.0,0.0,0.0,0.0,0.0,0.0,0.0,0.0,0.0,0.0,0.0,0.0,0.0,0.0,0.0,0.0,0.0,0.0,0.0,0.0,0.0,0.0,0.0,0.0,0.0,0.0,0.0,0.0,0.0,0.0,0.0
平谷区,0.0,0.0,0.0,0.0,0.0,0.0,0.0,0.0,0.0,0.0,0.0,0.0,0.0,0.0,0.0,0.0,0.0,0.0,0.0,0.0,0.0,0.0,0.0,0.0,0.0,0.0,0.0,0.0,0.0,0.0,0.0,0.0,0.0,0.0,0.0,0.0,0.0,0.0,0.0,0.0,0.0,0.0,0.0,0.0,0.0,0.0,0.0,0.0,0.0,0.0,0.0,0.0,0.0,0.0,0.0,0.0,0.0,0.0,0.0,0.0,0.0,0.0,0.0,0.0,0.0,0.0,0.0,0.0,0.0,0.0,0.0,0.0,0.0,0.0,0.0,0.0
密云区,0.0,0.0,0.0,0.0,0.0,0.0,0.0,0.0,0.0,0.0,0.0,0.0,0.0,0.0,0.0,0.0,0.0,0.0,0.0,0.0,0.0,0.0,0.0,0.0,0.0,0.0,0.0,0.0,0.0,0.0,0.0,0.0,0.0,0.0,0.0,0.0,0.0,0.0,0.0,0.0,0.0,0.0,0.0,0.0,0.0,0.0,0.0,0.0,0.0,0.0,0.0,0.0,0.0,0.0,0.0,0.0,0.0,0.0,0.0,0.0,0.0,0.0,0.0,0.0,0.0,0.0,0.0,0.0,0.0,0.0,0.0,0.0,0.080789,0.080789,0.0,0.0
