year_month,groundwater_depth_m,encounter_fraction,district,district_cn
2019-09,27.49,0.0,Haidian,海淀区
2019-10,26.58,0.0,Haidian,海淀区
2019-11,26.0,0.0,Haidian,海淀区
2019-12,25.75,0.0,Haidian,海淀区
2020-01,25.57,0.0,Haidian,海淀区
2020-02,24.65,0.0,Haidian,海淀区
2020-03,24.39,0.0,Haidian,海淀区
2020-04,24.88,0.0,Haidian,海淀区
2020-05,25.6,0.0,Haidian,海淀区
2020-06,25.56,0.0,Haidian,海淀区
2020-07,26.415,0.0,Haidian,海淀区
2020-08,26.52,0.0,Haidian,海淀区
2020-09,26.38,0.0,Haidian,海淀区
2020-10,26.46,0.0,Haidian,海淀区
2020-11,26.29,0.0,Haidian,海淀区
2020-12,26.1,0.0,Haidian,海淀区
2021-01,25.69,0.0,Haidian,海淀区
2021-02,25.49,0.0,Haidian,海淀区
2021-03,25.53,0.0,Haidian,海淀区
2021-04,26.45,0.0,Haidian,海淀区
2021-05,26.84,0.0,Haidian,海淀区
2021-06,27.2,0.0,Haidian,海淀区
2021-07,25.24,0.0,Haidian,海淀区
2021-08,24.07,0.0,Haidian,海淀区
2021-09,22.77,0.0,Haidian,海淀区
2021-10,21.72666666666667,0.0,Haidian,海淀区
2021-11,20.9625,0.0,Haidian,海淀区
2021-12,20.21,0.0,Haidian,海淀区
2022-01,19.6575,0.0,Haidian,海淀区
2022-02,19.1825,0.0,Haidian,海淀区
2022-03,18.9975,0.0,Haidian,海淀区
2022-04,19.2925,0.0,Haidian,海淀区
2022-05,19.5875,0.0,Haidian,海淀区
2022-06,19.905,0.0,Haidian,海淀区
2022-07,19.14,0.0,Haidian,海淀区
2022-08,18.56,0.0,Haidian,海淀区
2022-09,18.3175,0.0,Haidian,海淀区
2022-10,18.045,0.0,Haidian,海淀区
2022-11,17.665,0.0,Haidian,海淀区
2022-12,17.36,0.0,Haidian,海淀区
2023-01,16.86,0.014557,Haidian,海淀区
2023-02,16.54,0.014557,Haidian,海淀区
2023-03,16.6925,0.014557,Haidian,海淀区
2023-04,17.130000000000003,0.0,Haidian,海淀区
2023-05,17.419999999999998,0.0,Haidian,海淀区
2023-06,18.1475,0.0,Haidian,海淀区
2023-07,18.2575,0.0,Haidian,海淀区
2023-08,16.26705882352941,0.014557,Haidian,海淀区
2023-09,15.39,0.014557,Haidian,海淀区
2023-10,14.81,0.014557,Haidian,海淀区
2023-11,14.2925,0.014557,Haidian,海淀区
2023-12,13.4225,0.014557,Haidian,海淀区
2024-01,12.875,0.038602,Haidian,海淀区
2024-02,12.26,0.038602,Haidian,海淀区
2024-03,12.1375,0.038602,Haidian,海淀区
2024-04,12.48,0.038602,Haidian,海淀区
2024-05,12.8,0.038602,Haidian,海淀区
2024-06,13.065,0.014557,Haidian,海淀区
2024-07,12.6475,0.038602,Haidian,海淀区
2024-08,11.766666666666666,0.038602,Haidian,海淀区
2024-09,10.6225,0.038602,Haidian,海淀区
2024-10,10.0925,0.038602,Haidian,海淀区
2024-11,9.8825,0.038602,Haidian,海淀区
2024-12,9.5875,0.038602,Haidian,海淀区
2025-01,9.335,0.038602,Haidian,海淀区
2025-02,9.17,0.038602,Haidian,海淀区
2025-03,9.4775,0.038602,Haidian,海淀区
2025-04,9.79,0.038602,Haidian,海淀区
2025-05,9.745,0.038602,Haidian,海淀区
2025-06,10.0125,0.038602,Haidian,海淀区
2025-07,9.5475,0.038602,Haidian,海淀区
2025-08,8.944999999999999,0.205963,Haidian,海淀区
2025-09,8.545000000000002,0.205963,Haidian,海淀区
2025-10,8.3475,0.205963,Haidian,海淀区
2025-11,8.25,0.205963,Haidian,海淀区
2025-12,8.192499999999999,0.205963,Haidian,海淀区
2026-01,8.184999999999999,0.205963,Haidian,海淀区
2026-02,8.145,0.205963,Haidian,海淀区
2026-03,8.325,0.205963,Haidian,海淀区
2026-04,8.717,0.205963,Haidian,海淀区
2026-05,8.84,0.205963,Haidian,海淀区
2026-06,8.622,0.205963,Haidian,海淀区
2026-07,8.41,0.205963,Haidian,海淀区
2026-08,7.959999999999999,0.205963,Haidian,海淀区
2026-09,7.88,0.205963,Haidian,海淀区
