district,layer_no,layer_bucket,depth_scenario,layer_fraction,first_crossing_since_2019,first_crossing_persistent,n_contact_entries,n_contact_exits,first_crossing_date,last_crossing_date,contact_months,total_observed_months,contact_month_fraction,longest_contact_run_months,status_at_last_2025_month,district_en
延庆区,2,B2,central,0.162319,2020-01,True,2,1,2020-01,2025-12,69,76,0.9078947368421052,65,contact,Yanqing
大兴区,4,B4,central,0.009993,2020-02,False,4,3,2020-02,2025-12,59,76,0.7763157894736842,42,contact,Daxing
通州区,2,B2,central,0.38115,2020-02,False,3,2,2020-02,2025-12,65,75,0.8666666666666667,54,contact,Tongzhou
房山区,2,B2,central,0.392446,2020-11,True,3,2,2020-11,2025-12,58,76,0.7631578947368421,30,contact,Fangshan
丰台区,4,B4,central,0.031784,2021-10,True,1,0,2021-10,2025-12,51,76,0.6710526315789473,51,contact,Fengtai
怀柔区,3,B3,central,0.031538,2021-10,True,1,0,2021-10,2025-12,51,76,0.6710526315789473,51,contact,Huairou
怀柔区,2,B2,central,0.35572,2021-11,True,1,0,2021-11,2025-12,50,76,0.6578947368421053,50,contact,Huairou
海淀区,4,B4,central,0.014557,2023-01,True,2,1,2023-01,2025-12,32,76,0.4210526315789473,29,contact,Haidian
西城区,4,B4,central,0.072026,2023-01,True,1,0,2023-01,2025-12,36,65,0.5538461538461539,36,contact,Xicheng
丰台区,3,B3,central,0.148102,2023-05,True,1,0,2023-05,2025-12,32,76,0.4210526315789473,32,contact,Fengtai
海淀区,3,B3,central,0.024045,2024-01,True,2,1,2024-01,2025-12,23,76,0.3026315789473684,18,contact,Haidian
大兴区,3,B3,central,0.077494,2024-02,False,2,1,2024-02,2025-12,17,76,0.2236842105263158,16,contact,Daxing
东城区,4,B4,central,0.041934,2024-03,True,2,1,2024-03,2025-12,21,65,0.3230769230769231,18,contact,Dongcheng
昌平区,4,B4,central,0.001292,2024-03,False,2,1,2024-03,2025-12,18,76,0.2368421052631578,17,contact,Changping
门头沟区,4,B4,central,0.022179,2024-09,True,2,1,2024-09,2025-12,15,76,0.1973684210526315,10,contact,Mentougou
西城区,3,B3,central,0.171068,2024-12,True,1,0,2024-12,2025-12,13,65,0.2,13,contact,Xicheng
石景山区,4,B4,central,0.036363,2025-05,True,1,0,2025-05,2025-12,8,76,0.1052631578947368,8,contact,Shijingshan
房山区,1,B1,central,0.508974,2025-08,True,1,0,2025-08,2025-12,5,76,0.0657894736842105,5,contact,Fangshan
昌平区,3,B3,central,0.042129,2025-08,True,1,0,2025-08,2025-12,5,76,0.0657894736842105,5,contact,Changping
海淀区,2,B2,central,0.167361,2025-08,True,1,0,2025-08,2025-12,5,76,0.0657894736842105,5,contact,Haidian
密云区,3,B3,central,0.080789,2025-09,False,1,1,2025-09,2025-12,2,76,0.0263157894736842,2,no_contact,Miyun
门头沟区,3,B3,central,0.228597,2025-09,False,1,1,2025-09,2025-12,2,76,0.0263157894736842,2,no_contact,Mentougou
东城区,3,B3,central,0.133549,2025-10,True,1,0,2025-10,2025-12,3,65,0.0461538461538461,3,contact,Dongcheng
延庆区,1,B1,central,0.817262,2025-10,True,1,0,2025-10,2025-12,3,76,0.0394736842105263,3,contact,Yanqing
