district,recovery_from_local_deepest_to_2025_m,encounter_fraction_central_2025,recovery_rank_16,encounter_rate_rank_16,rank_difference,abs_rank_difference,district_en
门头沟区,25.7025,0.022179,1.0,12.0,-11.0,11.0,Mentougou
平谷区,24.120000000000005,0.0,2.0,14.5,-12.5,12.5,Pinggu
石景山区,20.367500000000003,0.036363,3.0,11.0,-8.0,8.0,Shijingshan
海淀区,19.2975,0.205963,4.0,6.0,-2.0,2.0,Haidian
昌平区,18.505000000000003,0.043421,5.0,10.0,-5.0,5.0,Changping
顺义区,18.010000000000005,0.0,6.0,14.5,-8.5,8.5,Shunyi
西城区,14.055,0.243094,7.0,5.0,2.0,2.0,Xicheng
怀柔区,13.795000000000002,0.387258,8.0,4.0,4.0,4.0,Huairou
密云区,12.64,0.0,9.0,14.5,-5.5,5.5,Miyun
朝阳区,12.5925,0.0,10.0,14.5,-4.5,4.5,Chaoyang
东城区,12.335,0.175483,11.0,8.0,3.0,3.0,Dongcheng
丰台区,11.1875,0.179886,12.0,7.0,5.0,5.0,Fengtai
大兴区,9.3525,0.087487,13.0,9.0,4.0,4.0,Daxing
延庆区,6.955,1.0,14.0,1.5,12.5,12.5,Yanqing
房山区,6.174,1.0,15.0,1.5,13.5,13.5,Fangshan
通州区,5.0775,0.437462,16.0,3.0,13.0,13.0,Tongzhou
