district,district_code,layer_bucket,representative_depth_m,first_new_crossing,first_run_end,first_run_months,first_run_status,first_persistent_crossing,max_contact_run_months,legacy_max_contact_run_months,final_contact_state,legacy_first_crossing_persistent
延庆区,YQ,B1,5.0,2025-10,2025-12,3,insufficient_followup,,3,3,contact,True
延庆区,YQ,B2,9.0,2020-01,2020-04,4,transient_first_run,2020-08,65,65,contact,True
房山区,FS,B1,5.0,2025-08,2025-12,5,insufficient_followup,,5,5,contact,True
房山区,FS,B2,9.0,2020-11,2021-03,5,transient_first_run,2021-07,30,30,contact,True
通州区,TZ,B2,9.0,2020-02,2020-03,2,transient_first_run,2020-08,53,54,contact,False
大兴区,DX,B3,13.0,2024-02,2024-02,1,transient_first_run,2024-09,16,16,contact,False
大兴区,DX,B4,17.0,2020-02,2020-03,2,transient_first_run,2021-07,42,42,contact,False
丰台区,FT,B3,13.0,2023-05,2025-12,32,confirmed_6_month,2023-05,32,32,contact,True
丰台区,FT,B4,17.0,2021-10,2025-12,51,confirmed_6_month,2021-10,51,51,contact,True
怀柔区,HR,B2,9.0,2021-11,2025-12,50,confirmed_6_month,2021-11,50,50,contact,True
怀柔区,HR,B3,13.0,2021-10,2025-12,51,confirmed_6_month,2021-10,51,51,contact,True
海淀区,HD,B2,9.0,2025-08,2025-12,5,insufficient_followup,,5,5,contact,True
海淀区,HD,B3,13.0,2024-01,2024-05,5,transient_first_run,2024-07,18,18,contact,True
海淀区,HD,B4,17.0,2023-01,2023-03,3,transient_first_run,2023-08,29,29,contact,True
西城区,XC,B3,13.0,2024-12,2025-12,13,confirmed_6_month,2024-12,13,13,contact,True
西城区,XC,B4,17.0,2023-01,2025-12,36,confirmed_6_month,2023-01,36,36,contact,True
东城区,DC,B3,13.0,2025-10,2025-12,3,insufficient_followup,,3,3,contact,True
东城区,DC,B4,17.0,2024-03,2024-05,3,transient_first_run,2024-07,18,18,contact,True
昌平区,CP,B3,13.0,2025-08,2025-12,5,insufficient_followup,,5,5,contact,True
昌平区,CP,B4,17.0,2024-03,2024-03,1,transient_first_run,2024-08,17,17,contact,False
门头沟区,MT,B3,13.0,2025-09,2025-10,2,transient_first_run,,2,2,no_contact,False
门头沟区,MT,B4,17.0,2024-09,2025-01,5,transient_first_run,2025-03,10,10,contact,True
石景山区,SJ,B4,17.0,2025-05,2025-12,8,confirmed_6_month,2025-05,8,8,contact,True
密云区,MY,B3,13.0,2025-09,2025-10,2,transient_first_run,,2,2,no_contact,False
