year,date,district,district_raw,spatial_unit_id,spatial_level,depth_m,selected_unrounded_digitization_m,variable,unit,positive_direction,temporal_statistic,record_type,is_1980_reference,source_file,source_bulletin_year,source_pdf_page,source_figure,source_series_role,source_record_id,selection_rule,digitization_method,digitization_error_scale_m,n_source_figures,source_reading_range_m,city_control_difference_m,year_to_year_change_m,qc_flag,interpolation_anchor_status,cross_year_spatial_support_verified
2001,2001-12-31,密云区,密云,miyun,district_plain_part,22.0,21.973,groundwater_depth_below_ground,m,down,year_end,official_figure_digitized,False,gb2002.pdf,2002,15,未编号行政区埋深比较图,previous_year,GB2002_2001_03,next_available_bulletin_previous_year_series,raster_color_segment,0.3,1,,-0.211,2.7,bulletin_marked_draft;primary_figure_occluded_used_alternate_source,review_before_use,False
2002,2002-12-31,昌平区,昌平,changping,district_plain_part,19.1,19.091,groundwater_depth_below_ground,m,down,year_end,official_figure_digitized,False,gb2002.pdf,2002,15,未编号行政区埋深比较图,current_year,GB2002_2002_07,current_year_bulletin_preferred,raster_color_segment,0.3,2,0.864,-0.184,1.7,bulletin_marked_draft,review_before_use,False
2002,2002-12-31,大兴区,大兴,daxing,district_plain_part,13.2,13.173,groundwater_depth_below_ground,m,down,year_end,official_figure_digitized,False,gb2002.pdf,2002,15,未编号行政区埋深比较图,current_year,GB2002_2002_10,current_year_bulletin_preferred,raster_color_segment,0.3,2,2.191,-0.184,0.6,bulletin_marked_draft;cross_report_value_disagreement,review_before_use,False
2002,2002-12-31,房山区,房山,fangshan,district_plain_part,11.7,11.681,groundwater_depth_below_ground,m,down,year_end,official_figure_digitized,False,gb2002.pdf,2002,15,未编号行政区埋深比较图,current_year,GB2002_2002_09,current_year_bulletin_preferred,raster_color_segment,0.3,2,4.728,-0.184,-0.3,bulletin_marked_draft;cross_report_value_disagreement,review_before_use,False
2002,2002-12-31,怀柔区,怀柔,huairou,district_plain_part,10.4,10.395,groundwater_depth_below_ground,m,down,year_end,official_figure_digitized,False,gb2002.pdf,2002,15,未编号行政区埋深比较图,current_year,GB2002_2002_04,current_year_bulletin_preferred,raster_color_segment,0.3,2,6.923,-0.184,2.7,bulletin_marked_draft;cross_report_value_disagreement,review_before_use,False
2002,2002-12-31,城近郊,城近郊,inner_urban_aggregate_legacy,multi_district_aggregate,24.9,24.854,groundwater_depth_below_ground,m,down,year_end,official_figure_digitized,False,gb2002.pdf,2002,15,未编号行政区埋深比较图,current_year,GB2002_2002_01,current_year_bulletin_preferred,raster_color_segment,0.3,2,7.627,-0.184,0.6,aggregate_not_single_district;bulletin_marked_draft;cross_report_value_disagreement,review_before_use,False
2002,2002-12-31,门头沟区,门头沟,mentougou,district_plain_part,19.7,19.657,groundwater_depth_below_ground,m,down,year_end,official_figure_digitized,False,gb2002.pdf,2002,15,未编号行政区埋深比较图,current_year,GB2002_2002_08,current_year_bulletin_preferred,raster_color_segment,0.3,2,2.43,-0.184,-0.2,bulletin_marked_draft;cross_report_value_disagreement,review_before_use,False
2002,2002-12-31,密云区,密云,miyun,district_plain_part,22.7,22.693,groundwater_depth_below_ground,m,down,year_end,official_figure_digitized,False,gb2002.pdf,2002,15,未编号行政区埋深比较图,current_year,GB2002_2002_03,current_year_bulletin_preferred,raster_color_segment,0.3,2,5.238,-0.184,0.7,bulletin_marked_draft;cross_report_value_disagreement,review_before_use,False
2002,2002-12-31,平谷区,平谷,pinggu,district_plain_part,20.7,20.686,groundwater_depth_below_ground,m,down,year_end,official_figure_digitized,False,gb2002.pdf,2002,15,未编号行政区埋深比较图,current_year,GB2002_2002_02,current_year_bulletin_preferred,raster_color_segment,0.3,2,3.459,-0.184,2.8,bulletin_marked_draft;cross_report_value_disagreement,review_before_use,False
2002,2002-12-31,顺义区,顺义,shunyi,district_plain_part,18.7,18.731,groundwater_depth_below_ground,m,down,year_end,official_figure_digitized,False,gb2002.pdf,2002,15,未编号行政区埋深比较图,current_year,GB2002_2002_06,current_year_bulletin_preferred,raster_color_segment,0.3,2,0.686,-0.184,1.2,bulletin_marked_draft,review_before_use,False
2002,2002-12-31,通州区,通州,tongzhou,district_plain_part,6.4,6.381,groundwater_depth_below_ground,m,down,year_end,official_figure_digitized,False,gb2002.pdf,2002,15,未编号行政区埋深比较图,current_year,GB2002_2002_11,current_year_bulletin_preferred,raster_color_segment,0.3,2,9.21,-0.184,0.0,bulletin_marked_draft;cross_report_value_disagreement,review_before_use,False
2002,2002-12-31,延庆区,延庆,yanqing,district_plain_part,8.3,8.336,groundwater_depth_below_ground,m,down,year_end,official_figure_digitized,False,gb2002.pdf,2002,15,未编号行政区埋深比较图,current_year,GB2002_2002_05,current_year_bulletin_preferred,raster_color_segment,0.3,2,9.164,-0.184,0.1,bulletin_marked_draft;cross_report_value_disagreement,review_before_use,False
2003,2003-12-31,昌平区,昌平,changping,district_plain_part,18.5,18.455,groundwater_depth_below_ground,m,down,year_end,official_figure_digitized,False,gb2003.pdf,2003,17,未编号行政区埋深比较图,current_year,GB2003_2003_07,current_year_bulletin_preferred,photograph_rectified_color_trace,0.6,2,1.227,-0.739,-0.6,cross_report_value_disagreement;low_resolution_photographed_chart;source_chart_city_control_disagreement,review_before_use,False
2003,2003-12-31,大兴区,大兴,daxing,district_plain_part,13.9,13.909,groundwater_depth_below_ground,m,down,year_end,official_figure_digitized,False,gb2003.pdf,2003,17,未编号行政区埋深比较图,current_year,GB2003_2003_10,current_year_bulletin_preferred,photograph_rectified_color_trace,0.6,2,0.773,-0.739,0.7,low_resolution_photographed_chart;source_chart_city_control_disagreement,review_before_use,False
2003,2003-12-31,房山区,房山,fangshan,district_plain_part,11.1,11.091,groundwater_depth_below_ground,m,down,year_end,official_figure_digitized,False,gb2003.pdf,2003,17,未编号行政区埋深比较图,current_year,GB2003_2003_09,current_year_bulletin_preferred,photograph_rectified_color_trace,0.6,2,0.773,-0.739,-0.6,low_resolution_photographed_chart;source_chart_city_control_disagreement,review_before_use,False
2003,2003-12-31,怀柔区,怀柔,huairou,district_plain_part,11.7,11.682,groundwater_depth_below_ground,m,down,year_end,official_figure_digitized,False,gb2003.pdf,2003,17,未编号行政区埋深比较图,current_year,GB2003_2003_04,current_year_bulletin_preferred,photograph_rectified_color_trace,0.6,2,0.818,-0.739,1.3,low_resolution_photographed_chart;source_chart_city_control_disagreement,review_before_use,False
2003,2003-12-31,城近郊,城近郊,inner_urban_aggregate_legacy,multi_district_aggregate,22.2,22.182,groundwater_depth_below_ground,m,down,year_end,official_figure_digitized,False,gb2003.pdf,2003,17,未编号行政区埋深比较图,current_year,GB2003_2003_01,current_year_bulletin_preferred,photograph_rectified_color_trace,0.6,2,1.5,-0.739,-2.7,aggregate_not_single_district;cross_report_value_disagreement;low_resolution_photographed_chart;source_chart_city_control_disagreement,review_before_use,False
2003,2003-12-31,门头沟区,门头沟,mentougou,district_plain_part,19.9,19.909,groundwater_depth_below_ground,m,down,year_end,official_figure_digitized,False,gb2003.pdf,2003,17,未编号行政区埋深比较图,current_year,GB2003_2003_08,current_year_bulletin_preferred,photograph_rectified_color_trace,0.6,2,0.818,-0.739,0.2,low_resolution_photographed_chart;source_chart_city_control_disagreement,review_before_use,False
2003,2003-12-31,密云区,密云,miyun,district_plain_part,24.2,24.227,groundwater_depth_below_ground,m,down,year_end,official_figure_digitized,False,gb2003.pdf,2003,17,未编号行政区埋深比较图,current_year,GB2003_2003_03,current_year_bulletin_preferred,photograph_rectified_color_trace,0.6,2,1.591,-0.739,1.5,cross_report_value_disagreement;low_resolution_photographed_chart;source_chart_city_control_disagreement,review_before_use,False
2003,2003-12-31,平谷区,平谷,pinggu,district_plain_part,20.6,20.591,groundwater_depth_below_ground,m,down,year_end,official_figure_digitized,False,gb2003.pdf,2003,17,未编号行政区埋深比较图,current_year,GB2003_2003_02,current_year_bulletin_preferred,photograph_rectified_color_trace,0.6,2,1.273,-0.739,-0.1,cross_report_value_disagreement;low_resolution_photographed_chart;source_chart_city_control_disagreement,review_before_use,False
2003,2003-12-31,顺义区,顺义,shunyi,district_plain_part,19.1,19.136,groundwater_depth_below_ground,m,down,year_end,official_figure_digitized,False,gb2003.pdf,2003,17,未编号行政区埋深比较图,current_year,GB2003_2003_06,current_year_bulletin_preferred,photograph_rectified_color_trace,0.6,2,0.637,-0.739,0.4,low_resolution_photographed_chart;source_chart_city_control_disagreement,review_before_use,False
2003,2003-12-31,通州区,通州,tongzhou,district_plain_part,7.0,6.955,groundwater_depth_below_ground,m,down,year_end,official_figure_digitized,False,gb2003.pdf,2003,17,未编号行政区埋深比较图,current_year,GB2003_2003_11,current_year_bulletin_preferred,photograph_rectified_color_trace,0.6,2,0.454,-0.739,0.6,low_resolution_photographed_chart;source_chart_city_control_disagreement,review_before_use,False
2003,2003-12-31,延庆区,延庆,yanqing,district_plain_part,8.6,8.636,groundwater_depth_below_ground,m,down,year_end,official_figure_digitized,False,gb2003.pdf,2003,17,未编号行政区埋深比较图,current_year,GB2003_2003_05,current_year_bulletin_preferred,photograph_rectified_color_trace,0.6,2,0.364,-0.739,0.3,low_resolution_photographed_chart;source_chart_city_control_disagreement,review_before_use,False
2004,2004-12-31,昌平区,昌平,changping,district_plain_part,21.1,21.091,groundwater_depth_below_ground,m,down,year_end,official_figure_digitized,False,gb2004.pdf,2004,16,图7,current_year,GB2004_2004_04,current_year_bulletin_preferred,photograph_rectified_color_trace,0.6,1,,0.687,2.6,low_resolution_photographed_chart;source_chart_city_control_disagreement,review_before_use,False
2004,2004-12-31,大兴区,大兴,daxing,district_plain_part,15.0,15.0,groundwater_depth_below_ground,m,down,year_end,official_figure_digitized,False,gb2004.pdf,2004,16,图7,current_year,GB2004_2004_01,current_year_bulletin_preferred,photograph_rectified_color_trace,0.6,1,,0.687,1.1,low_resolution_photographed_chart;source_chart_city_control_disagreement,review_before_use,False
2004,2004-12-31,房山区,房山,fangshan,district_plain_part,11.4,11.409,groundwater_depth_below_ground,m,down,year_end,official_figure_digitized,False,gb2004.pdf,2004,16,图7,current_year,GB2004_2004_02,current_year_bulletin_preferred,photograph_rectified_color_trace,0.6,1,,0.687,0.3,low_resolution_photographed_chart;source_chart_city_control_disagreement,review_before_use,False
2004,2004-12-31,怀柔区,怀柔,huairou,district_plain_part,14.1,14.136,groundwater_depth_below_ground,m,down,year_end,official_figure_digitized,False,gb2004.pdf,2004,16,图7,current_year,GB2004_2004_07,current_year_bulletin_preferred,photograph_rectified_color_trace,0.6,1,,0.687,2.4,low_resolution_photographed_chart;source_chart_city_control_disagreement,review_before_use,False
2004,2004-12-31,城近郊,城近郊,inner_urban_aggregate_legacy,multi_district_aggregate,15.1,15.136,groundwater_depth_below_ground,m,down,year_end,official_figure_digitized,False,gb2004.pdf,2004,16,图7,current_year,GB2004_2004_10,current_year_bulletin_preferred,photograph_rectified_color_trace,0.6,1,,0.687,-7.1,aggregate_not_single_district;large_year_to_year_change_gt5m;low_resolution_photographed_chart;source_chart_city_control_disagreement,review_before_use,False
2004,2004-12-31,门头沟区,门头沟,mentougou,district_plain_part,19.6,19.636,groundwater_depth_below_ground,m,down,year_end,official_figure_digitized,False,gb2004.pdf,2004,16,图7,current_year,GB2004_2004_03,current_year_bulletin_preferred,photograph_rectified_color_trace,0.6,1,,0.687,-0.3,low_resolution_photographed_chart;source_chart_city_control_disagreement,review_before_use,False
2004,2004-12-31,密云区,密云,miyun,district_plain_part,25.5,25.545,groundwater_depth_below_ground,m,down,year_end,official_figure_digitized,False,gb2004.pdf,2004,16,图7,current_year,GB2004_2004_08,current_year_bulletin_preferred,photograph_rectified_color_trace,0.6,1,,0.687,1.3,low_resolution_photographed_chart;source_chart_city_control_disagreement,review_before_use,False
2004,2004-12-31,平谷区,平谷,pinggu,district_plain_part,23.0,22.955,groundwater_depth_below_ground,m,down,year_end,official_figure_digitized,False,gb2004.pdf,2004,16,图7,current_year,GB2004_2004_09,current_year_bulletin_preferred,photograph_rectified_color_trace,0.6,1,,0.687,2.4,low_resolution_photographed_chart;source_chart_city_control_disagreement,review_before_use,False
2004,2004-12-31,顺义区,顺义,shunyi,district_plain_part,22.3,22.273,groundwater_depth_below_ground,m,down,year_end,official_figure_digitized,False,gb2004.pdf,2004,16,图7,current_year,GB2004_2004_05,current_year_bulletin_preferred,photograph_rectified_color_trace,0.6,1,,0.687,3.2,low_resolution_photographed_chart;source_chart_city_control_disagreement,review_before_use,False
2004,2004-12-31,通州区,通州,tongzhou,district_plain_part,7.5,7.455,groundwater_depth_below_ground,m,down,year_end,official_figure_digitized,False,gb2004.pdf,2004,16,图7,current_year,GB2004_2004_00,current_year_bulletin_preferred,photograph_rectified_color_trace,0.6,1,,0.687,0.5,low_resolution_photographed_chart;source_chart_city_control_disagreement,review_before_use,False
2004,2004-12-31,延庆区,延庆,yanqing,district_plain_part,8.5,8.5,groundwater_depth_below_ground,m,down,year_end,official_figure_digitized,False,gb2004.pdf,2004,16,图7,current_year,GB2004_2004_06,current_year_bulletin_preferred,photograph_rectified_color_trace,0.6,1,,0.687,-0.1,low_resolution_photographed_chart;source_chart_city_control_disagreement,review_before_use,False
2005,2005-12-31,昌平区,昌平,changping,district_plain_part,22.7,22.727,groundwater_depth_below_ground,m,down,year_end,official_figure_digitized,False,gb2006.pdf,2006,15,图7,previous_year,GB2006_2005_04,next_available_bulletin_previous_year_series,photograph_rectified_color_trace,0.6,1,,0.199,1.6,low_resolution_photographed_chart,review_before_use,False
2005,2005-12-31,大兴区,大兴,daxing,district_plain_part,15.9,15.909,groundwater_depth_below_ground,m,down,year_end,official_figure_digitized,False,gb2006.pdf,2006,15,图7,previous_year,GB2006_2005_01,next_available_bulletin_previous_year_series,photograph_rectified_color_trace,0.6,1,,0.199,0.9,low_resolution_photographed_chart,review_before_use,False
2005,2005-12-31,房山区,房山,fangshan,district_plain_part,20.0,19.955,groundwater_depth_below_ground,m,down,year_end,official_figure_digitized,False,gb2006.pdf,2006,15,图7,previous_year,GB2006_2005_02,next_available_bulletin_previous_year_series,photograph_rectified_color_trace,0.6,1,,0.199,8.6,large_year_to_year_change_gt5m;low_resolution_photographed_chart,review_before_use,False
2005,2005-12-31,怀柔区,怀柔,huairou,district_plain_part,15.9,15.864,groundwater_depth_below_ground,m,down,year_end,official_figure_digitized,False,gb2006.pdf,2006,15,图7,previous_year,GB2006_2005_07,next_available_bulletin_previous_year_series,photograph_rectified_color_trace,0.6,1,,0.199,1.8,low_resolution_photographed_chart,review_before_use,False
2005,2005-12-31,城近郊,城近郊,inner_urban_aggregate_legacy,multi_district_aggregate,24.9,24.909,groundwater_depth_below_ground,m,down,year_end,official_figure_digitized,False,gb2006.pdf,2006,15,图7,previous_year,GB2006_2005_10,next_available_bulletin_previous_year_series,photograph_rectified_color_trace,0.6,1,,0.199,9.8,aggregate_not_single_district;large_year_to_year_change_gt5m;low_resolution_photographed_chart,review_before_use,False
2005,2005-12-31,门头沟区,门头沟,mentougou,district_plain_part,20.0,20.0,groundwater_depth_below_ground,m,down,year_end,official_figure_digitized,False,gb2006.pdf,2006,15,图7,previous_year,GB2006_2005_03,next_available_bulletin_previous_year_series,photograph_rectified_color_trace,0.6,1,,0.199,0.4,low_resolution_photographed_chart,review_before_use,False
2005,2005-12-31,密云区,密云,miyun,district_plain_part,25.4,25.364,groundwater_depth_below_ground,m,down,year_end,official_figure_digitized,False,gb2006.pdf,2006,15,图7,previous_year,GB2006_2005_08,next_available_bulletin_previous_year_series,photograph_rectified_color_trace,0.6,1,,0.199,-0.1,low_resolution_photographed_chart,review_before_use,False
2005,2005-12-31,平谷区,平谷,pinggu,district_plain_part,26.0,26.0,groundwater_depth_below_ground,m,down,year_end,official_figure_digitized,False,gb2006.pdf,2006,15,图7,previous_year,GB2006_2005_09,next_available_bulletin_previous_year_series,photograph_rectified_color_trace,0.6,1,,0.199,3.0,low_resolution_photographed_chart,review_before_use,False
2005,2005-12-31,顺义区,顺义,shunyi,district_plain_part,24.4,24.364,groundwater_depth_below_ground,m,down,year_end,official_figure_digitized,False,gb2006.pdf,2006,15,图7,previous_year,GB2006_2005_05,next_available_bulletin_previous_year_series,photograph_rectified_color_trace,0.6,1,,0.199,2.1,low_resolution_photographed_chart,review_before_use,False
2005,2005-12-31,通州区,通州,tongzhou,district_plain_part,8.1,8.136,groundwater_depth_below_ground,m,down,year_end,official_figure_digitized,False,gb2006.pdf,2006,15,图7,previous_year,GB2006_2005_00,next_available_bulletin_previous_year_series,photograph_rectified_color_trace,0.6,1,,0.199,0.6,low_resolution_photographed_chart,review_before_use,False
2005,2005-12-31,延庆区,延庆,yanqing,district_plain_part,8.7,8.682,groundwater_depth_below_ground,m,down,year_end,official_figure_digitized,False,gb2006.pdf,2006,15,图7,previous_year,GB2006_2005_06,next_available_bulletin_previous_year_series,photograph_rectified_color_trace,0.6,1,,0.199,0.2,low_resolution_photographed_chart,review_before_use,False
2006,2006-12-31,昌平区,昌平,changping,district_plain_part,23.1,23.136,groundwater_depth_below_ground,m,down,year_end,official_figure_digitized,False,gb2006.pdf,2006,15,图7,current_year,GB2006_2006_04,current_year_bulletin_preferred,photograph_rectified_color_trace,0.6,2,0.174,0.025,0.4,low_resolution_photographed_chart,review_before_use,False
2006,2006-12-31,大兴区,大兴,daxing,district_plain_part,17.3,17.273,groundwater_depth_below_ground,m,down,year_end,official_figure_digitized,False,gb2006.pdf,2006,15,图7,current_year,GB2006_2006_01,current_year_bulletin_preferred,photograph_rectified_color_trace,0.6,2,0.25,0.025,1.4,low_resolution_photographed_chart,review_before_use,False
2006,2006-12-31,房山区,房山,fangshan,district_plain_part,11.8,11.818,groundwater_depth_below_ground,m,down,year_end,official_figure_digitized,False,gb2006.pdf,2006,15,图7,current_year,GB2006_2006_02,current_year_bulletin_preferred,photograph_rectified_color_trace,0.6,2,0.151,0.025,-8.2,large_year_to_year_change_gt5m;low_resolution_photographed_chart,review_before_use,False
2006,2006-12-31,怀柔区,怀柔,huairou,district_plain_part,16.7,16.727,groundwater_depth_below_ground,m,down,year_end,official_figure_digitized,False,gb2006.pdf,2006,15,图7,current_year,GB2006_2006_07,current_year_bulletin_preferred,photograph_rectified_color_trace,0.6,2,0.075,0.025,0.8,low_resolution_photographed_chart,review_before_use,False
2006,2006-12-31,城近郊,城近郊,inner_urban_aggregate_legacy,multi_district_aggregate,25.9,25.864,groundwater_depth_below_ground,m,down,year_end,official_figure_digitized,False,gb2006.pdf,2006,15,图7,current_year,GB2006_2006_10,current_year_bulletin_preferred,photograph_rectified_color_trace,0.6,2,0.516,0.025,1.0,aggregate_not_single_district;low_resolution_photographed_chart,review_before_use,False
2006,2006-12-31,门头沟区,门头沟,mentougou,district_plain_part,19.0,19.0,groundwater_depth_below_ground,m,down,year_end,official_figure_digitized,False,gb2006.pdf,2006,15,图7,current_year,GB2006_2006_03,current_year_bulletin_preferred,photograph_rectified_color_trace,0.6,2,0.121,0.025,-1.0,low_resolution_photographed_chart,review_before_use,False
2006,2006-12-31,密云区,密云,miyun,district_plain_part,26.1,26.136,groundwater_depth_below_ground,m,down,year_end,official_figure_digitized,False,gb2006.pdf,2006,15,图7,current_year,GB2006_2006_08,current_year_bulletin_preferred,photograph_rectified_color_trace,0.6,2,0.008,0.025,0.7,low_resolution_photographed_chart,review_before_use,False
2006,2006-12-31,平谷区,平谷,pinggu,district_plain_part,29.8,29.773,groundwater_depth_below_ground,m,down,year_end,official_figure_digitized,False,gb2006.pdf,2006,15,图7,current_year,GB2006_2006_09,current_year_bulletin_preferred,photograph_rectified_color_trace,0.6,2,1.826,0.025,3.8,cross_report_value_disagreement;low_resolution_photographed_chart,review_before_use,False
2006,2006-12-31,顺义区,顺义,shunyi,district_plain_part,26.2,26.227,groundwater_depth_below_ground,m,down,year_end,official_figure_digitized,False,gb2006.pdf,2006,15,图7,current_year,GB2006_2006_05,current_year_bulletin_preferred,photograph_rectified_color_trace,0.6,2,0.03,0.025,1.8,low_resolution_photographed_chart,review_before_use,False
2006,2006-12-31,通州区,通州,tongzhou,district_plain_part,7.6,7.636,groundwater_depth_below_ground,m,down,year_end,official_figure_digitized,False,gb2006.pdf,2006,15,图7,current_year,GB2006_2006_00,current_year_bulletin_preferred,photograph_rectified_color_trace,0.6,2,0.159,0.025,-0.5,low_resolution_photographed_chart,review_before_use,False
2006,2006-12-31,延庆区,延庆,yanqing,district_plain_part,8.4,8.364,groundwater_depth_below_ground,m,down,year_end,official_figure_digitized,False,gb2006.pdf,2006,15,图7,current_year,GB2006_2006_06,current_year_bulletin_preferred,photograph_rectified_color_trace,0.6,2,0.144,0.025,-0.3,low_resolution_photographed_chart,review_before_use,False
2007,2007-12-31,昌平区,昌平,changping,district_plain_part,25.3,25.295,groundwater_depth_below_ground,m,down,year_end,official_figure_digitized,False,gb2007.pdf,2007,13,图7,current_year,GB2007_2007_04,current_year_bulletin_preferred,photograph_rectified_color_trace,0.6,2,0.117,0.066,2.2,low_resolution_photographed_chart,review_before_use,False
2007,2007-12-31,大兴区,大兴,daxing,district_plain_part,17.9,17.871,groundwater_depth_below_ground,m,down,year_end,official_figure_digitized,False,gb2007.pdf,2007,13,图7,current_year,GB2007_2007_01,current_year_bulletin_preferred,photograph_rectified_color_trace,0.6,2,0.561,0.066,0.6,low_resolution_photographed_chart,review_before_use,False
2007,2007-12-31,房山区,房山,fangshan,district_plain_part,11.6,11.614,groundwater_depth_below_ground,m,down,year_end,official_figure_digitized,False,gb2007.pdf,2007,13,图7,current_year,GB2007_2007_02,current_year_bulletin_preferred,photograph_rectified_color_trace,0.6,2,0.274,0.066,-0.2,low_resolution_photographed_chart,review_before_use,False
2007,2007-12-31,怀柔区,怀柔,huairou,district_plain_part,19.2,19.197,groundwater_depth_below_ground,m,down,year_end,official_figure_digitized,False,gb2007.pdf,2007,13,图7,current_year,GB2007_2007_07,current_year_bulletin_preferred,photograph_rectified_color_trace,0.6,2,0.165,0.066,2.5,low_resolution_photographed_chart,review_before_use,False
2007,2007-12-31,城近郊,城近郊,inner_urban_aggregate_legacy,multi_district_aggregate,27.3,27.311,groundwater_depth_below_ground,m,down,year_end,official_figure_digitized,False,gb2007.pdf,2007,13,图7,current_year,GB2007_2007_10,current_year_bulletin_preferred,photograph_rectified_color_trace,0.6,2,0.228,0.066,1.4,aggregate_not_single_district;low_resolution_photographed_chart,review_before_use,False
2007,2007-12-31,门头沟区,门头沟,mentougou,district_plain_part,19.8,19.833,groundwater_depth_below_ground,m,down,year_end,official_figure_digitized,False,gb2007.pdf,2007,13,图7,current_year,GB2007_2007_03,current_year_bulletin_preferred,photograph_rectified_color_trace,0.6,2,0.344,0.066,0.8,low_resolution_photographed_chart,review_before_use,False
2007,2007-12-31,密云区,密云,miyun,district_plain_part,28.0,28.0,groundwater_depth_below_ground,m,down,year_end,official_figure_digitized,False,gb2007.pdf,2007,13,图7,current_year,GB2007_2007_08,current_year_bulletin_preferred,photograph_rectified_color_trace,0.6,2,0.139,0.066,1.9,low_resolution_photographed_chart,review_before_use,False
2007,2007-12-31,平谷区,平谷,pinggu,district_plain_part,33.2,33.197,groundwater_depth_below_ground,m,down,year_end,official_figure_digitized,False,gb2007.pdf,2007,13,图7,current_year,GB2007_2007_09,current_year_bulletin_preferred,photograph_rectified_color_trace,0.6,2,0.177,0.066,3.4,low_resolution_photographed_chart,review_before_use,False
2007,2007-12-31,顺义区,顺义,shunyi,district_plain_part,28.2,28.159,groundwater_depth_below_ground,m,down,year_end,official_figure_digitized,False,gb2007.pdf,2007,13,图7,current_year,GB2007_2007_05,current_year_bulletin_preferred,photograph_rectified_color_trace,0.6,2,0.362,0.066,2.0,low_resolution_photographed_chart,review_before_use,False
2007,2007-12-31,通州区,通州,tongzhou,district_plain_part,7.5,7.53,groundwater_depth_below_ground,m,down,year_end,official_figure_digitized,False,gb2007.pdf,2007,13,图7,current_year,GB2007_2007_00,current_year_bulletin_preferred,photograph_rectified_color_trace,0.6,2,0.486,0.066,-0.1,low_resolution_photographed_chart,review_before_use,False
2007,2007-12-31,延庆区,延庆,yanqing,district_plain_part,9.0,9.015,groundwater_depth_below_ground,m,down,year_end,official_figure_digitized,False,gb2007.pdf,2007,13,图7,current_year,GB2007_2007_06,current_year_bulletin_preferred,photograph_rectified_color_trace,0.6,2,0.017,0.066,0.6,low_resolution_photographed_chart,review_before_use,False
2018,2018-12-31,门头沟区,门头沟,mentougou,district_plain_part,17.0,17.014,groundwater_depth_below_ground,m,down,year_end,official_figure_digitized,False,gb2018.pdf,2018,13,图2-8,current_year,GB2018_2018_03,current_year_bulletin_preferred,raster_color_segment,0.15,2,23.986,0.059,0.3,cross_report_value_disagreement,review_before_use,False
2018,2018-12-31,密云区,密云,miyun,district_plain_part,24.9,24.886,groundwater_depth_below_ground,m,down,year_end,official_figure_digitized,False,gb2018.pdf,2018,13,图2-8,current_year,GB2018_2018_08,current_year_bulletin_preferred,raster_color_segment,0.15,2,0.114,0.059,-6.4,large_year_to_year_change_gt5m,review_before_use,False
2018,2018-12-31,平谷区,平谷,pinggu,district_plain_part,32.8,32.82,groundwater_depth_below_ground,m,down,year_end,official_figure_digitized,False,gb2018.pdf,2018,13,图2-8,current_year,GB2018_2018_09,current_year_bulletin_preferred,raster_color_segment,0.15,2,0.18,0.059,-9.2,large_year_to_year_change_gt5m,review_before_use,False
2019,2019-12-31,门头沟区,门头沟,mentougou,district_plain_part,38.2,38.25,groundwater_depth_below_ground,m,down,year_end,official_figure_digitized,False,gb2019.pdf,2019,13,图2-8,current_year,GB2019_2019_03,current_year_bulletin_preferred,raster_color_segment,0.62,2,0.108,0.29,21.2,large_year_to_year_change_gt5m,review_before_use,False
2021,2021-12-31,怀柔区,怀柔,huairou,district_plain_part,8.2,8.16,groundwater_depth_below_ground,m,down,year_end,official_figure_digitized,False,gb2021.pdf,2021,13,图2-8,current_year,GB2021_2021_07,current_year_bulletin_preferred,raster_color_segment,0.22,2,0.024,0.018,-8.1,large_year_to_year_change_gt5m,review_before_use,False
2021,2021-12-31,门头沟区,门头沟,mentougou,district_plain_part,24.9,24.922,groundwater_depth_below_ground,m,down,year_end,official_figure_digitized,False,gb2021.pdf,2021,13,图2-8,current_year,GB2021_2021_03,current_year_bulletin_preferred,raster_color_segment,0.22,2,0.163,0.018,-10.9,large_year_to_year_change_gt5m,review_before_use,False
2021,2021-12-31,密云区,密云,miyun,district_plain_part,15.1,15.078,groundwater_depth_below_ground,m,down,year_end,official_figure_digitized,False,gb2021.pdf,2021,13,图2-8,current_year,GB2021_2021_08,current_year_bulletin_preferred,raster_color_segment,0.22,2,0.176,0.018,-10.1,large_year_to_year_change_gt5m,review_before_use,False
2021,2021-12-31,平谷区,平谷,pinggu,district_plain_part,21.0,21.02,groundwater_depth_below_ground,m,down,year_end,official_figure_digitized,False,gb2021.pdf,2021,13,图2-8,current_year,GB2021_2021_09,current_year_bulletin_preferred,raster_color_segment,0.22,2,0.166,0.018,-14.8,large_year_to_year_change_gt5m,review_before_use,False
2021,2021-12-31,顺义区,顺义,shunyi,district_plain_part,20.7,20.665,groundwater_depth_below_ground,m,down,year_end,official_figure_digitized,False,gb2021.pdf,2021,13,图2-8,current_year,GB2021_2021_05,current_year_bulletin_preferred,raster_color_segment,0.22,2,0.182,0.018,-8.6,large_year_to_year_change_gt5m,review_before_use,False
2024,2024-12-31,平谷区,平谷,pinggu,district_plain_part,17.2,17.2,groundwater_depth_below_ground,m,down,year_end,official_figure_digitized,False,gb2024.pdf,2024,13,图2-8,current_year,GB2024_2024_08,current_year_bulletin_preferred,raster_color_segment,0.13,2,0.141,0.085,-5.7,large_year_to_year_change_gt5m,review_before_use,False
