local_path_relative_to_project,bytes,sha256,included_in_archive
北京市数据/【241021】中国土地利用数据1980-2020/1980年中国土地利用现状遥感监测数据/Lucc1980/info/arc.dir,1140,137278d8e3f17c738f08e0478e68e88825c9e8b38a84ba13b6d5df7aca2e526f,no
北京市数据/【241021】中国土地利用数据1980-2020/1980年中国土地利用现状遥感监测数据/Lucc1980/info/arc0000.dat,80,296baef198549172e4cb721b66f9c63ee3191a15e407ee597028c9e198a1ce3e,no
北京市数据/【241021】中国土地利用数据1980-2020/1980年中国土地利用现状遥感监测数据/Lucc1980/info/arc0000.nit,576,8524fc7c3949803413d526019b2c2c25ff8e5e045619022e473b88051d15ee67,no
北京市数据/【241021】中国土地利用数据1980-2020/1980年中国土地利用现状遥感监测数据/Lucc1980/info/arc0001.dat,80,5d139e8d39fcaec81a6ca4f4ec3ee85514fe335738d2f1c0410e2414097ed117,no
北京市数据/【241021】中国土地利用数据1980-2020/1980年中国土地利用现状遥感监测数据/Lucc1980/info/arc0001.nit,576,2d9d32778138f2354dc0868b0e1bede15597d6c5bd022d11d474b1cee36566db,no
北京市数据/【241021】中国土地利用数据1980-2020/1980年中国土地利用现状遥感监测数据/Lucc1980/info/arc0002.dat,80,9413983c35b05c9817a2ecbe32f5b00c174b98c5512620b336d50e2ad18eba16,no
北京市数据/【241021】中国土地利用数据1980-2020/1980年中国土地利用现状遥感监测数据/Lucc1980/info/arc0002.nit,288,80d9516bb807ce71ddabac859a80fd13f0c03cd42ad19f1c18a3f2b64ebb7f4d,no
北京市数据/【241021】中国土地利用数据1980-2020/1980年中国土地利用现状遥感监测数据/Lucc1980/info/arc0002r.001,2048,5462a10ca0b70b18024aa9afb78c30ab3c542ab172add08f4755ee181919c124,no
北京市数据/【241021】中国土地利用数据1980-2020/1980年中国土地利用现状遥感监测数据/Lucc1980/log,80,51f094c24074a2063ee12cabeb46dce8e1cc2c35b31e42e8c444ad467065b32b,no
北京市数据/【241021】中国土地利用数据1980-2020/1980年中国土地利用现状遥感监测数据/Lucc1980/lucc1980/dblbnd.adf,32,f38bd51728dec04656a2dbfbf4a4a235e37982c3de44c950efce862d22052e54,no
北京市数据/【241021】中国土地利用数据1980-2020/1980年中国土地利用现状遥感监测数据/Lucc1980/lucc1980/hdr.adf,308,529e816021c4ba21e30bd495e61c59a6edc7e45e7f8671dc896d8ac9c344810f,no
北京市数据/【241021】中国土地利用数据1980-2020/1980年中国土地利用现状遥感监测数据/Lucc1980/lucc1980/log,172,b71b39058820019e0c0890e4db79e3eb78698cde14d5ade0d236a6572a7d1b78,no
北京市数据/【241021】中国土地利用数据1980-2020/1980年中国土地利用现状遥感监测数据/Lucc1980/lucc1980/prj.adf,365,f6a74721e3d4bfcbbe2135946bc05986ff40dca816c3a23ae54fa40adef2e830,no
北京市数据/【241021】中国土地利用数据1980-2020/1980年中国土地利用现状遥感监测数据/Lucc1980/lucc1980/sta.adf,32,b261378d6cabf88ade4eb0a448dad8727c9db182c84562f8a0cd67c0d8c64e30,no
北京市数据/【241021】中国土地利用数据1980-2020/1980年中国土地利用现状遥感监测数据/Lucc1980/lucc1980/vat.adf,232,ae2a3009eabf7168e026c1603012a504c84fce2ab2736c4f1f9bd68f8032ad30,no
北京市数据/【241021】中国土地利用数据1980-2020/1980年中国土地利用现状遥感监测数据/Lucc1980/lucc1980/w001001.adf,7675910,7c7cc863068dadd31885919d63a66de0476591c0c70b846b80ea237b47348886,no
北京市数据/【241021】中国土地利用数据1980-2020/1980年中国土地利用现状遥感监测数据/Lucc1980/lucc1980/w001001x.adf,163460,2bb98b80c414b0984683bf9c3a4c72aefff716f45ad3c7f6517bf91f1adc98b7,no
北京市数据/【241021】中国土地利用数据1980-2020/1980年中国土地利用现状遥感监测数据/Lucc1980/LUCC分类体系.doc,59904,988a405a302397d9a11ff12eb51db7cabe06e44e6e231e90bcaf301376bcd0f8,no
北京市数据/【241021】中国土地利用数据1980-2020/1990年中国土地利用现状遥感监测数据/lucc1990/info/arc.dir,1140,43fd7a3cd148623232d176ff82f1d94ca60a4eece15fc29b90e505218841e1d2,no
北京市数据/【241021】中国土地利用数据1980-2020/1990年中国土地利用现状遥感监测数据/lucc1990/info/arc0000.dat,80,56ddd53037cba7790f80f06d53041a5347cd8321997b80518a6e20845bbc10d7,no
北京市数据/【241021】中国土地利用数据1980-2020/1990年中国土地利用现状遥感监测数据/lucc1990/info/arc0000.nit,576,0960592553cdc60621a659220cbcfeffad13ff38b74550b8c23c7ee396473123,no
北京市数据/【241021】中国土地利用数据1980-2020/1990年中国土地利用现状遥感监测数据/lucc1990/info/arc0001.dat,80,521ce75600ceacb07488584bd42c4b50b26d97452c7e0224eb08da38670cfc04,no
北京市数据/【241021】中国土地利用数据1980-2020/1990年中国土地利用现状遥感监测数据/lucc1990/info/arc0001.nit,576,8793776d50ef504016dbe120b4188ba6b2588ed9d7ad3ced718a49415d6b8d13,no
北京市数据/【241021】中国土地利用数据1980-2020/1990年中国土地利用现状遥感监测数据/lucc1990/info/arc0002.dat,80,1cb24f75eb5e942596d91f428c9390309d875cb295926e821e80c0f8a0b1f75d,no
北京市数据/【241021】中国土地利用数据1980-2020/1990年中国土地利用现状遥感监测数据/lucc1990/info/arc0002.nit,288,803e60765d0818c919c4bc447c36c0a43e1740ff0fe14eab5e516a7da2eca5de,no
北京市数据/【241021】中国土地利用数据1980-2020/1990年中国土地利用现状遥感监测数据/lucc1990/info/arc0002r.001,2048,bcc06d641273f1a609d697e1aa8e825a541d93dafe47f4a6d4cffb9e0ed1314a,no
北京市数据/【241021】中国土地利用数据1980-2020/1990年中国土地利用现状遥感监测数据/lucc1990/log,63,56dd97b48663dcca9114052ee16c9a67a62ba5269945ae75aee48c5fff135ec6,no
北京市数据/【241021】中国土地利用数据1980-2020/1990年中国土地利用现状遥感监测数据/lucc1990/lucc1990/dblbnd.adf,32,61ae72c21bfabe67d66f8da857905b79086b974f31e36d8b08e38a5ae003fefc,no
北京市数据/【241021】中国土地利用数据1980-2020/1990年中国土地利用现状遥感监测数据/lucc1990/lucc1990/hdr.adf,308,ac7be4b089d7d720969590aee5e213d25a8bc1ef82f4c76cbd706ce1a7a9d6d6,no
北京市数据/【241021】中国土地利用数据1980-2020/1990年中国土地利用现状遥感监测数据/lucc1990/lucc1990/log,309,094b11e123c8b36fba7db77719d35cb03930727d7a8581a13650e9c2411d5b7f,no
北京市数据/【241021】中国土地利用数据1980-2020/1990年中国土地利用现状遥感监测数据/lucc1990/lucc1990/prj.adf,1037,865b63acaf1faf507fda1ec4aaaf25ec0c388529a609bee3d51df0f13f9b37f1,no
北京市数据/【241021】中国土地利用数据1980-2020/1990年中国土地利用现状遥感监测数据/lucc1990/lucc1990/sta.adf,32,cde85e4183d511a94b2a17eb7d4e35290437d08c9112e1d032e1325f9d50dc5b,no
北京市数据/【241021】中国土地利用数据1980-2020/1990年中国土地利用现状遥感监测数据/lucc1990/lucc1990/vat.adf,256,85af28fcdc8018e0b16c6de6a5c2cb8eb917635d874874f092f06e00611e0717,no
北京市数据/【241021】中国土地利用数据1980-2020/1990年中国土地利用现状遥感监测数据/lucc1990/lucc1990/w001001.adf,7646648,0fad5cf5780255d4c1c4e3f9564c59245392eef2a9cf7327ef762bbd61d81b03,no
北京市数据/【241021】中国土地利用数据1980-2020/1990年中国土地利用现状遥感监测数据/lucc1990/lucc1990/w001001x.adf,162660,f1533092d0edff19217f910989e184382c501e238909985166654d08ee3ac7e5,no
北京市数据/【241021】中国土地利用数据1980-2020/1990年中国土地利用现状遥感监测数据/lucc1990/lucc1990.aux.xml,119,4d9ec9b866f0793c1a40a97142ab32dfdc34e572383c037dc7cd79eb44ed41c6,no
北京市数据/【241021】中国土地利用数据1980-2020/1990年中国土地利用现状遥感监测数据/lucc1990/lucc1990.ovr,1082008,cd254ff7a9ec8560a3cd1cee1b7d981069b6601cb3673587816ac458380fd9fd,no
北京市数据/【241021】中国土地利用数据1980-2020/1990年中国土地利用现状遥感监测数据/lucc1990/LUCC分类体系.doc,59904,988a405a302397d9a11ff12eb51db7cabe06e44e6e231e90bcaf301376bcd0f8,no
北京市数据/【241021】中国土地利用数据1980-2020/1995年中国土地利用现状遥感监测数据/lucc1995/info/arc.dir,1140,b53552a47e095ce9ad5d940881ad3cf8f2d93715411e748f2a2cfcd2aa60ce1f,no
北京市数据/【241021】中国土地利用数据1980-2020/1995年中国土地利用现状遥感监测数据/lucc1995/info/arc0000.dat,80,11418b0996d727b1d50b3a19a50707769cd100b8a19d9ee49074846a036110ae,no
北京市数据/【241021】中国土地利用数据1980-2020/1995年中国土地利用现状遥感监测数据/lucc1995/info/arc0000.nit,576,0960592553cdc60621a659220cbcfeffad13ff38b74550b8c23c7ee396473123,no
北京市数据/【241021】中国土地利用数据1980-2020/1995年中国土地利用现状遥感监测数据/lucc1995/info/arc0001.dat,80,4d4b0f03d6d2c0a217dc2e1a0136066ecb48a32287dfe167003097ffb5f2d51d,no
北京市数据/【241021】中国土地利用数据1980-2020/1995年中国土地利用现状遥感监测数据/lucc1995/info/arc0001.nit,576,8793776d50ef504016dbe120b4188ba6b2588ed9d7ad3ced718a49415d6b8d13,no
北京市数据/【241021】中国土地利用数据1980-2020/1995年中国土地利用现状遥感监测数据/lucc1995/info/arc0002.dat,80,df0f7a0c9b5d72a2df6f3d9694b20246cf680950038b996278ed3e97eba836d7,no
北京市数据/【241021】中国土地利用数据1980-2020/1995年中国土地利用现状遥感监测数据/lucc1995/info/arc0002.nit,288,803e60765d0818c919c4bc447c36c0a43e1740ff0fe14eab5e516a7da2eca5de,no
北京市数据/【241021】中国土地利用数据1980-2020/1995年中国土地利用现状遥感监测数据/lucc1995/info/arc0002r.001,2048,5dbbdf2397fbaf37e2da19f81abe61be115e838ecaf080107b920d70f031aade,no
北京市数据/【241021】中国土地利用数据1980-2020/1995年中国土地利用现状遥感监测数据/lucc1995/lucc95/dblbnd.adf,32,1a8db4894d5b3c1786bdc0abbd7c045ca5c397d4ff07f3c19f2be416421ad927,no
北京市数据/【241021】中国土地利用数据1980-2020/1995年中国土地利用现状遥感监测数据/lucc1995/lucc95/hdr.adf,308,03d323b6b8477d7f9740127dcad3e4138331ef01e44d5c6826f16add2a85da2b,no
北京市数据/【241021】中国土地利用数据1980-2020/1995年中国土地利用现状遥感监测数据/lucc1995/lucc95/log,246,95bc0e0c4f12f91eedf0f50293c4b861451121842d9db78f8317fbbfddd277c9,no
北京市数据/【241021】中国土地利用数据1980-2020/1995年中国土地利用现状遥感监测数据/lucc1995/lucc95/prj.adf,1037,865b63acaf1faf507fda1ec4aaaf25ec0c388529a609bee3d51df0f13f9b37f1,no
北京市数据/【241021】中国土地利用数据1980-2020/1995年中国土地利用现状遥感监测数据/lucc1995/lucc95/sta.adf,32,775f9f01443fc065fb060addc231d1f0ac96957ede83c3cb015f7438844f1a24,no
北京市数据/【241021】中国土地利用数据1980-2020/1995年中国土地利用现状遥感监测数据/lucc1995/lucc95/vat.adf,248,31149d3e55b7e05aa2f2e052afa97da8c200f99ce41672ef6b4b82e6cfe117be,no
北京市数据/【241021】中国土地利用数据1980-2020/1995年中国土地利用现状遥感监测数据/lucc1995/lucc95/w001001.adf,7308308,7abff35e543c4ea23bd3e9c673cc4a8268da8d0648bf3ceaa27c4b4d98a8a812,no
北京市数据/【241021】中国土地利用数据1980-2020/1995年中国土地利用现状遥感监测数据/lucc1995/lucc95/w001001x.adf,153924,7a3e9396c14337146b70c8afc03ce7ec51c423d7f0d477255e4e6480dc64ec7b,no
北京市数据/【241021】中国土地利用数据1980-2020/1995年中国土地利用现状遥感监测数据/lucc1995/LUCC分类体系.doc,59904,988a405a302397d9a11ff12eb51db7cabe06e44e6e231e90bcaf301376bcd0f8,no
北京市数据/【241021】中国土地利用数据1980-2020/2000年中国土地利用现状遥感监测数据/lucc2000/info/arc.dir,1140,234f6f983c9fb610d4e90ad7f8d37c926076ec4e653a11f4f33e68d90d639d92,no
北京市数据/【241021】中国土地利用数据1980-2020/2000年中国土地利用现状遥感监测数据/lucc2000/info/arc0000.dat,80,b7f9dfb14e36aac18f1525b4aa2237d819961a3ae03083a91acaba17450b58aa,no
北京市数据/【241021】中国土地利用数据1980-2020/2000年中国土地利用现状遥感监测数据/lucc2000/info/arc0000.nit,576,0960592553cdc60621a659220cbcfeffad13ff38b74550b8c23c7ee396473123,no
北京市数据/【241021】中国土地利用数据1980-2020/2000年中国土地利用现状遥感监测数据/lucc2000/info/arc0001.dat,80,0fb51e5e4d24c02547a2be04221773a18cc63d1216950a68b0038b65c9b38026,no
北京市数据/【241021】中国土地利用数据1980-2020/2000年中国土地利用现状遥感监测数据/lucc2000/info/arc0001.nit,576,8793776d50ef504016dbe120b4188ba6b2588ed9d7ad3ced718a49415d6b8d13,no
北京市数据/【241021】中国土地利用数据1980-2020/2000年中国土地利用现状遥感监测数据/lucc2000/info/arc0002.dat,80,ef15253f6a7413f25106c7289db31f1ecca60a8566d506f930ed37ebcb10fd92,no
北京市数据/【241021】中国土地利用数据1980-2020/2000年中国土地利用现状遥感监测数据/lucc2000/info/arc0002.nit,288,803e60765d0818c919c4bc447c36c0a43e1740ff0fe14eab5e516a7da2eca5de,no
北京市数据/【241021】中国土地利用数据1980-2020/2000年中国土地利用现状遥感监测数据/lucc2000/info/arc0002r.001,2048,bcc06d641273f1a609d697e1aa8e825a541d93dafe47f4a6d4cffb9e0ed1314a,no
北京市数据/【241021】中国土地利用数据1980-2020/2000年中国土地利用现状遥感监测数据/lucc2000/lucc2000/dblbnd.adf,32,f38bd51728dec04656a2dbfbf4a4a235e37982c3de44c950efce862d22052e54,no
北京市数据/【241021】中国土地利用数据1980-2020/2000年中国土地利用现状遥感监测数据/lucc2000/lucc2000/hdr.adf,308,77d95eb2e513f3cc15cc93bd9aaa8b86fcabc026b80373a08196796486cea65d,no
北京市数据/【241021】中国土地利用数据1980-2020/2000年中国土地利用现状遥感监测数据/lucc2000/lucc2000/log,246,a7c4a3f6524e55f32b388051a2728a6e472b891d3eac470524b11a820d957ecd,no
北京市数据/【241021】中国土地利用数据1980-2020/2000年中国土地利用现状遥感监测数据/lucc2000/lucc2000/prj.adf,1037,865b63acaf1faf507fda1ec4aaaf25ec0c388529a609bee3d51df0f13f9b37f1,no
北京市数据/【241021】中国土地利用数据1980-2020/2000年中国土地利用现状遥感监测数据/lucc2000/lucc2000/sta.adf,32,432865d92d50c7f3ad9ba74baeb7d4cc2640b2b28766c217d1de2f5fab564785,no
北京市数据/【241021】中国土地利用数据1980-2020/2000年中国土地利用现状遥感监测数据/lucc2000/lucc2000/vat.adf,256,a6d34fbef96adf274b686060b6100dfb3e390583f9b8fce90d44fd741cc3e33d,no
北京市数据/【241021】中国土地利用数据1980-2020/2000年中国土地利用现状遥感监测数据/lucc2000/lucc2000/w001001.adf,7680022,cdb21adbb8500f52c7b013e3051958133d300197ddad6aef3c9568b09282016c,no
北京市数据/【241021】中国土地利用数据1980-2020/2000年中国土地利用现状遥感监测数据/lucc2000/lucc2000/w001001x.adf,163460,3596f6c31f235d6842ed7e4f49e0ffdd3482495d8213547a29aa15f75717c88d,no
北京市数据/【241021】中国土地利用数据1980-2020/2000年中国土地利用现状遥感监测数据/lucc2000/LUCC分类体系.doc,59904,988a405a302397d9a11ff12eb51db7cabe06e44e6e231e90bcaf301376bcd0f8,no
北京市数据/【241021】中国土地利用数据1980-2020/2005年中国土地利用现状遥感监测数据/lucc2005/info/arc.dir,1140,ad2e59859439099d7e119149282fc11cb02c977ec79d97b477dcdf8adfb276a1,no
北京市数据/【241021】中国土地利用数据1980-2020/2005年中国土地利用现状遥感监测数据/lucc2005/info/arc0000.dat,80,d2df3fc4bf8ec07845ada0a2463f1b1dbdb8206a012d96989b1867baddd05d09,no
北京市数据/【241021】中国土地利用数据1980-2020/2005年中国土地利用现状遥感监测数据/lucc2005/info/arc0000.nit,576,0960592553cdc60621a659220cbcfeffad13ff38b74550b8c23c7ee396473123,no
北京市数据/【241021】中国土地利用数据1980-2020/2005年中国土地利用现状遥感监测数据/lucc2005/info/arc0001.dat,80,74abffab5df0a5fb141a6aa55ff58b93e5f13a2c531c531e06c695f5615df4b6,no
北京市数据/【241021】中国土地利用数据1980-2020/2005年中国土地利用现状遥感监测数据/lucc2005/info/arc0001.nit,576,8793776d50ef504016dbe120b4188ba6b2588ed9d7ad3ced718a49415d6b8d13,no
北京市数据/【241021】中国土地利用数据1980-2020/2005年中国土地利用现状遥感监测数据/lucc2005/info/arc0002.dat,80,2747355c0e60d047fb861dd4a440aa4e970a562316ffe18b31747966584dc6ad,no
北京市数据/【241021】中国土地利用数据1980-2020/2005年中国土地利用现状遥感监测数据/lucc2005/info/arc0002.nit,288,803e60765d0818c919c4bc447c36c0a43e1740ff0fe14eab5e516a7da2eca5de,no
北京市数据/【241021】中国土地利用数据1980-2020/2005年中国土地利用现状遥感监测数据/lucc2005/info/arc0002r.001,2048,bcc06d641273f1a609d697e1aa8e825a541d93dafe47f4a6d4cffb9e0ed1314a,no
北京市数据/【241021】中国土地利用数据1980-2020/2005年中国土地利用现状遥感监测数据/lucc2005/lucc2005/dblbnd.adf,32,f38bd51728dec04656a2dbfbf4a4a235e37982c3de44c950efce862d22052e54,no
北京市数据/【241021】中国土地利用数据1980-2020/2005年中国土地利用现状遥感监测数据/lucc2005/lucc2005/hdr.adf,308,267afe5b44f6a2d7ff728e8d48915c686e51eae2756404de72b13e191e996bec,no
北京市数据/【241021】中国土地利用数据1980-2020/2005年中国土地利用现状遥感监测数据/lucc2005/lucc2005/log,246,b1e25194c1317f1318f63dc2d0871cee2f8de7485de0be82b9fe27c8920512a3,no
北京市数据/【241021】中国土地利用数据1980-2020/2005年中国土地利用现状遥感监测数据/lucc2005/lucc2005/prj.adf,286,e30c3387f9f93cff9564bb84278fb5661e7e7bc85a988e31f1c51453b1236beb,no
北京市数据/【241021】中国土地利用数据1980-2020/2005年中国土地利用现状遥感监测数据/lucc2005/lucc2005/sta.adf,32,851ba5057b8431fcdde12d99e70e2fa1e9c51bbcc512b52c506a5cccec4ca3d3,no
北京市数据/【241021】中国土地利用数据1980-2020/2005年中国土地利用现状遥感监测数据/lucc2005/lucc2005/vat.adf,256,d1bb92d69072213b749f8d734fc0df4f0c3f99c18546215957992cd1c7a95293,no
北京市数据/【241021】中国土地利用数据1980-2020/2005年中国土地利用现状遥感监测数据/lucc2005/lucc2005/w001001.adf,7700154,79bffdce4ebce7af188b6dcd49046075a2603218dcfa033edd02edc496983d8e,no
北京市数据/【241021】中国土地利用数据1980-2020/2005年中国土地利用现状遥感监测数据/lucc2005/lucc2005/w001001x.adf,163460,9ed0ef8cf678e60dc07b0fc80ef39b24443e86b999ef32284394ca1355fb624b,no
北京市数据/【241021】中国土地利用数据1980-2020/2005年中国土地利用现状遥感监测数据/lucc2005/LUCC分类体系.doc,59904,988a405a302397d9a11ff12eb51db7cabe06e44e6e231e90bcaf301376bcd0f8,no
北京市数据/【241021】中国土地利用数据1980-2020/2010年中国土地利用现状遥感监测数据/lucc2010/info/arc.dir,1140,80420ede14c4fc76b1175a4eda3551b8ccc7e69fcc33595f49546fded0a49214,no
北京市数据/【241021】中国土地利用数据1980-2020/2010年中国土地利用现状遥感监测数据/lucc2010/info/arc0000.dat,80,b57082ea9ec683c8650dce7049289e8f4b42a36f17795fdcdfb66978300abff9,no
北京市数据/【241021】中国土地利用数据1980-2020/2010年中国土地利用现状遥感监测数据/lucc2010/info/arc0000.nit,576,0960592553cdc60621a659220cbcfeffad13ff38b74550b8c23c7ee396473123,no
北京市数据/【241021】中国土地利用数据1980-2020/2010年中国土地利用现状遥感监测数据/lucc2010/info/arc0001.dat,80,33bc75dc7c6a77d9876a94ac1f2d1541075af83de10f9f2ab59965da4dd7dc44,no
北京市数据/【241021】中国土地利用数据1980-2020/2010年中国土地利用现状遥感监测数据/lucc2010/info/arc0001.nit,576,8793776d50ef504016dbe120b4188ba6b2588ed9d7ad3ced718a49415d6b8d13,no
北京市数据/【241021】中国土地利用数据1980-2020/2010年中国土地利用现状遥感监测数据/lucc2010/info/arc0002.dat,80,0bfe5f4084d847461a4078d8121652583e966bc27173d47670155c21dc7237ee,no
北京市数据/【241021】中国土地利用数据1980-2020/2010年中国土地利用现状遥感监测数据/lucc2010/info/arc0002.nit,288,803e60765d0818c919c4bc447c36c0a43e1740ff0fe14eab5e516a7da2eca5de,no
北京市数据/【241021】中国土地利用数据1980-2020/2010年中国土地利用现状遥感监测数据/lucc2010/info/arc0002r.001,2048,bcc06d641273f1a609d697e1aa8e825a541d93dafe47f4a6d4cffb9e0ed1314a,no
北京市数据/【241021】中国土地利用数据1980-2020/2010年中国土地利用现状遥感监测数据/lucc2010/log,63,0bad50aea309128ab5e08d9bd3c1caa7b05ed9f05ee21f0b246da62de550bc75,no
北京市数据/【241021】中国土地利用数据1980-2020/2010年中国土地利用现状遥感监测数据/lucc2010/lucc2010/dblbnd.adf,32,f38bd51728dec04656a2dbfbf4a4a235e37982c3de44c950efce862d22052e54,no
北京市数据/【241021】中国土地利用数据1980-2020/2010年中国土地利用现状遥感监测数据/lucc2010/lucc2010/hdr.adf,308,194d5b3767c8b098e7c8127b1f5ce25c2868c7694f58608e36c6d33d28500709,no
北京市数据/【241021】中国土地利用数据1980-2020/2010年中国土地利用现状遥感监测数据/lucc2010/lucc2010/log,309,ca7bbaf7852ee3cf9a62315622c00c3180368fce3e2c94974edf6c47aae46704,no
北京市数据/【241021】中国土地利用数据1980-2020/2010年中国土地利用现状遥感监测数据/lucc2010/lucc2010/prj.adf,286,e30c3387f9f93cff9564bb84278fb5661e7e7bc85a988e31f1c51453b1236beb,no
北京市数据/【241021】中国土地利用数据1980-2020/2010年中国土地利用现状遥感监测数据/lucc2010/lucc2010/sta.adf,32,3efd77f2ac8cb8be701473c78e15b978fbcbb6513b1a59146b1dd72dfcf0fbc3,no
北京市数据/【241021】中国土地利用数据1980-2020/2010年中国土地利用现状遥感监测数据/lucc2010/lucc2010/vat.adf,256,c893e7a78c275594daf0a2994c3d22c968ba5451dbe269be96986e445b41227a,no
北京市数据/【241021】中国土地利用数据1980-2020/2010年中国土地利用现状遥感监测数据/lucc2010/lucc2010/w001001.adf,7712822,194f80fd1408ff334bb3532e0501ebf72c17530c6daf366532072b79aefed394,no
北京市数据/【241021】中国土地利用数据1980-2020/2010年中国土地利用现状遥感监测数据/lucc2010/lucc2010/w001001x.adf,163460,986cb0c86d3ed29e87375789c23df96313abf038af152d33de353dd237f798a8,no
北京市数据/【241021】中国土地利用数据1980-2020/2010年中国土地利用现状遥感监测数据/lucc2010/LUCC分类体系.doc,59904,988a405a302397d9a11ff12eb51db7cabe06e44e6e231e90bcaf301376bcd0f8,no
北京市数据/【241021】中国土地利用数据1980-2020/2015年中国土地利用现状遥感监测数据/info/arc.dir,1140,8ac57537635191dff83a0eb3cfde93568680ca15da96056401b520534e1ca358,no
北京市数据/【241021】中国土地利用数据1980-2020/2015年中国土地利用现状遥感监测数据/info/arc0000.dat,80,b377abfbc2947969faceed27f553a0e71aaa1bbfac83ab33445c340752336733,no
北京市数据/【241021】中国土地利用数据1980-2020/2015年中国土地利用现状遥感监测数据/info/arc0000.nit,576,8524fc7c3949803413d526019b2c2c25ff8e5e045619022e473b88051d15ee67,no
北京市数据/【241021】中国土地利用数据1980-2020/2015年中国土地利用现状遥感监测数据/info/arc0001.dat,80,5f10953c717ed1cd05455ef1aede7de5d87fcf63ff524588a61d46bcd221dea6,no
北京市数据/【241021】中国土地利用数据1980-2020/2015年中国土地利用现状遥感监测数据/info/arc0001.nit,576,f1104d185c85a82f0645bb1107286b32a21aab4778d76bb1689124fe29a91c80,no
北京市数据/【241021】中国土地利用数据1980-2020/2015年中国土地利用现状遥感监测数据/info/arc0002.dat,80,315fa6478a536673fd0082d81b20b30fc0f406cd1fc8d2b4cb1aa9e5c6a9248b,no
北京市数据/【241021】中国土地利用数据1980-2020/2015年中国土地利用现状遥感监测数据/info/arc0002.nit,288,6fe0ee787d4d8c5e095cee1f2df4915cfc1f6ed3c253b97952eba67336da1c9e,no
北京市数据/【241021】中国土地利用数据1980-2020/2015年中国土地利用现状遥感监测数据/info/arc0002r.001,2048,d85ad5de287b6c4e0348f6df6013c08afaea634e4064cebe2342c155580656d8,no
北京市数据/【241021】中国土地利用数据1980-2020/2015年中国土地利用现状遥感监测数据/lucc2015/dblbnd.adf,32,f38bd51728dec04656a2dbfbf4a4a235e37982c3de44c950efce862d22052e54,no
北京市数据/【241021】中国土地利用数据1980-2020/2015年中国土地利用现状遥感监测数据/lucc2015/hdr.adf,308,e1e43f8343ded74b7554198c32e91bd9435e38e31f8ee3b08f0e040759abe098,no
北京市数据/【241021】中国土地利用数据1980-2020/2015年中国土地利用现状遥感监测数据/lucc2015/log,172,77b5f06074fc5203853bef6b2398f68077e2a0fd8ad4e03af8c0de0af35ff750,no
北京市数据/【241021】中国土地利用数据1980-2020/2015年中国土地利用现状遥感监测数据/lucc2015/prj.adf,365,f6a74721e3d4bfcbbe2135946bc05986ff40dca816c3a23ae54fa40adef2e830,no
北京市数据/【241021】中国土地利用数据1980-2020/2015年中国土地利用现状遥感监测数据/lucc2015/sta.adf,32,ef4a9c005ee8ba4ea95883db5c3377fe136cc5953a86d0910bb39cc36988c775,no
北京市数据/【241021】中国土地利用数据1980-2020/2015年中国土地利用现状遥感监测数据/lucc2015/vat.adf,208,6b71e95893a12bb55249551f72f4be49314626106230cb5389fb3c2dd7498103,no
北京市数据/【241021】中国土地利用数据1980-2020/2015年中国土地利用现状遥感监测数据/lucc2015/w001001.adf,7728506,7b3ebd690548838b0a02675ec9b976b42eca5dd000df613906a46a0049f1ed91,no
北京市数据/【241021】中国土地利用数据1980-2020/2015年中国土地利用现状遥感监测数据/lucc2015/w001001x.adf,163460,50b66842acba0f00aca177dcd8f239ce7c5a9ea9a69a9e41fe867e488c50277b,no
北京市数据/【241021】中国土地利用数据1980-2020/2015年中国土地利用现状遥感监测数据/lucc2015.aux.xml,119,4d9ec9b866f0793c1a40a97142ab32dfdc34e572383c037dc7cd79eb44ed41c6,no
北京市数据/【241021】中国土地利用数据1980-2020/2015年中国土地利用现状遥感监测数据/lucc2015.ovr,1069064,39f07e750bc206f71c9a74bc4dc1e032d70af006ddebaeae715a31f2f5232f51,no
北京市数据/【241021】中国土地利用数据1980-2020/2015年中国土地利用现状遥感监测数据/LUCC分类体系.doc,59904,988a405a302397d9a11ff12eb51db7cabe06e44e6e231e90bcaf301376bcd0f8,no
北京市数据/【241021】中国土地利用数据1980-2020/2020年中国土地利用现状遥感监测数据/2020年/info/arc.dir,1140,c4ff26bec981a5b7e9c2ec8c0172cc190f2c067cff6acb61cb60152c4060d984,no
北京市数据/【241021】中国土地利用数据1980-2020/2020年中国土地利用现状遥感监测数据/2020年/info/arc0000.dat,80,492fb3c4b6d611c0cd4473fba4e51ab1cb530c62646e2375ea7e003641bc1379,no
北京市数据/【241021】中国土地利用数据1980-2020/2020年中国土地利用现状遥感监测数据/2020年/info/arc0000.nit,576,b83e279d7b900cac62388ef702e8c81d3dd4d4262559be1a4511198b5b68a3dc,no
北京市数据/【241021】中国土地利用数据1980-2020/2020年中国土地利用现状遥感监测数据/2020年/info/arc0001.dat,80,a6febfaa18d64687a35cd3a5f9f0422fbdd645b150c2b66a04edadaf0e48b52e,no
北京市数据/【241021】中国土地利用数据1980-2020/2020年中国土地利用现状遥感监测数据/2020年/info/arc0001.nit,576,2bb54317fd91bc4783555b063826b458f8993cd2ddc2e3bfabcf74ca98e362f1,no
北京市数据/【241021】中国土地利用数据1980-2020/2020年中国土地利用现状遥感监测数据/2020年/info/arc0002.dat,80,7e2274d42195d26ba4f1efdd1dd414f7ba0640199b31457590ebd8cd3dbfe45e,no
北京市数据/【241021】中国土地利用数据1980-2020/2020年中国土地利用现状遥感监测数据/2020年/info/arc0002.nit,288,2cd71982bf1a0490a924806c8e63da1e27ab4f10c48a5968cd0820bf3d5a6a56,no
北京市数据/【241021】中国土地利用数据1980-2020/2020年中国土地利用现状遥感监测数据/2020年/info/arc0002r.001,2048,78c0c10a4158fd2cc894ae1da25fc630ad21e9be056cd6f6f01e35afd83b35c7,no
北京市数据/【241021】中国土地利用数据1980-2020/2020年中国土地利用现状遥感监测数据/2020年/ld2020/dblbnd.adf,32,1a8db4894d5b3c1786bdc0abbd7c045ca5c397d4ff07f3c19f2be416421ad927,no
北京市数据/【241021】中国土地利用数据1980-2020/2020年中国土地利用现状遥感监测数据/2020年/ld2020/hdr.adf,308,fe14ba30232149482a6bf78e4a723ad7a2b145427703ee822917d14cafb7557a,no
北京市数据/【241021】中国土地利用数据1980-2020/2020年中国土地利用现状遥感监测数据/2020年/ld2020/log,143,571aa04c9cad600ac1481b4eff64b8d381bfff9446e0cdecb19cd8c4c4add2ec,no
北京市数据/【241021】中国土地利用数据1980-2020/2020年中国土地利用现状遥感监测数据/2020年/ld2020/prj.adf,365,f6a74721e3d4bfcbbe2135946bc05986ff40dca816c3a23ae54fa40adef2e830,no
北京市数据/【241021】中国土地利用数据1980-2020/2020年中国土地利用现状遥感监测数据/2020年/ld2020/sta.adf,32,b0f5bc93856440a799d20773bd2d2fb9c6fac3593eda0dc469f7e5c260b124eb,no
北京市数据/【241021】中国土地利用数据1980-2020/2020年中国土地利用现状遥感监测数据/2020年/ld2020/vat.adf,208,006c1cea66fe4d9a4a1578797c2d0e9680685ff8bee8f410ab48e54c629ca1fa,no
北京市数据/【241021】中国土地利用数据1980-2020/2020年中国土地利用现状遥感监测数据/2020年/ld2020/w001001.adf,7615656,ee05c5b23727cd61c18514cb308ec1788eb351907399d175d7dc23b0d34b9fc4,no
北京市数据/【241021】中国土地利用数据1980-2020/2020年中国土地利用现状遥感监测数据/2020年/ld2020/w001001x.adf,153924,bb73dd2a6729c380f80c7fe81352db3ec636153144b54a3f27a48827058230e2,no
北京市数据/【241021】中国土地利用数据1980-2020/2020年中国土地利用现状遥感监测数据/2020年/LUCC分类体系.doc,59904,988a405a302397d9a11ff12eb51db7cabe06e44e6e231e90bcaf301376bcd0f8,no
北京市数据/【241021】中国土地利用数据1980-2020/【数据说明】看我！看我！先看我！.pdf,493902,93f7865aee03c40ae2eb2ea25c6ae1707001a3826dbe854e59c639c900cbcd92,no
北京市数据/【241021】中国土地利用数据1980-2020/【数据说明】看我！看我！先看我！_01.png,2548191,d444a5dd933fed397818fa9b0c6a1b45bb3a23b76069edc5a96b4210b13ac742,no
北京市数据/北京市/北京市_县界.dbf,10754,053a54bb128be659aedfbdc8d4a0c817f31e65bd61e2c6620aecb878185fa708,no
北京市数据/北京市/北京市_县界.prj,143,98aaf3d1c0ecadf1a424a4536de261c3daf4e373697cb86c40c43b989daf52eb,no
北京市数据/北京市/北京市_县界.shp,1168760,2a586fe62337dead14a4a9b226f1921bf36a3bb4563f238dffb7e76d6df49000,no
北京市数据/北京市/北京市_县界.shx,356,cdb1fdc3d0deaad420066512860bcb8f6f2e9d21997d32218c6beee3fa4be34b,no
北京市数据/北京市住房和城乡建设委员会-联合验收意见通知书附件(数据清洗）.csv,2926159,774ae46402760f2cded22c698812527223b26835892a76cf572d42bbc39b0b7c,no
