district,year_month,enc_shallow,enc_central,enc_deep,robustness_class
东城区,2026-01,0.041934,0.041934,0.175483,robust_contact
东城区,2026-02,0.041934,0.175483,0.175483,robust_contact
东城区,2026-03,0.041934,0.175483,0.175483,robust_contact
东城区,2026-04,0.041934,0.175483,0.175483,robust_contact
东城区,2026-05,0.041934,0.175483,0.175483,robust_contact
东城区,2026-06,0.041934,0.175483,0.175483,robust_contact
东城区,2026-07,0.041934,0.175483,0.175483,robust_contact
东城区,2026-08,0.041934,0.175483,0.175483,robust_contact
东城区,2026-09,0.041934,0.175483,0.175483,robust_contact
丰台区,2026-01,0.031784,0.179886,0.5030020000000001,robust_contact
丰台区,2026-02,0.031784,0.179886,0.5030020000000001,robust_contact
丰台区,2026-03,0.031784,0.179886,0.5030020000000001,robust_contact
丰台区,2026-04,0.031784,0.179886,0.5030020000000001,robust_contact
丰台区,2026-05,0.031784,0.179886,0.5030020000000001,robust_contact
丰台区,2026-06,0.031784,0.179886,0.5030020000000001,robust_contact
丰台区,2026-07,0.179886,0.179886,0.5030020000000001,robust_contact
丰台区,2026-08,0.179886,0.179886,0.5030020000000001,robust_contact
丰台区,2026-09,0.179886,0.179886,0.5030020000000001,robust_contact
大兴区,2026-01,0.087487,0.475109,0.475109,robust_contact
大兴区,2026-02,0.087487,0.475109,0.475109,robust_contact
大兴区,2026-03,0.087487,0.087487,0.475109,robust_contact
大兴区,2026-04,0.087487,0.087487,0.475109,robust_contact
大兴区,2026-05,0.087487,0.087487,0.475109,robust_contact
大兴区,2026-06,0.087487,0.087487,0.475109,robust_contact
大兴区,2026-07,0.087487,0.475109,0.475109,robust_contact
大兴区,2026-08,0.087487,0.475109,0.475109,robust_contact
大兴区,2026-09,0.087487,0.475109,0.475109,robust_contact
密云区,2026-01,0.0,0.0,0.080789,depth_sensitive_contact
密云区,2026-02,0.0,0.0,0.080789,depth_sensitive_contact
密云区,2026-03,0.0,0.0,0.080789,depth_sensitive_contact
密云区,2026-04,0.0,0.0,0.080789,depth_sensitive_contact
密云区,2026-05,0.0,0.0,0.080789,depth_sensitive_contact
密云区,2026-06,0.0,0.0,0.080789,depth_sensitive_contact
密云区,2026-07,0.0,0.0,0.080789,depth_sensitive_contact
密云区,2026-08,0.0,0.0,0.080789,depth_sensitive_contact
密云区,2026-09,0.0,0.0,0.080789,depth_sensitive_contact
平谷区,2026-01,0.0,0.0,0.13624,depth_sensitive_contact
平谷区,2026-02,0.0,0.0,0.13624,depth_sensitive_contact
平谷区,2026-03,0.0,0.0,0.13624,depth_sensitive_contact
平谷区,2026-04,0.0,0.0,0.0,robust_no_contact
平谷区,2026-05,0.0,0.0,0.0,robust_no_contact
平谷区,2026-06,0.0,0.0,0.0,robust_no_contact
平谷区,2026-07,0.0,0.0,0.13624,depth_sensitive_contact
平谷区,2026-08,0.0,0.13624,0.13624,depth_sensitive_contact
平谷区,2026-09,0.0,0.13624,0.13624,depth_sensitive_contact
延庆区,2026-01,0.1827379999999999,1.0,1.0,robust_contact
延庆区,2026-02,0.1827379999999999,1.0,1.0,robust_contact
延庆区,2026-03,0.1827379999999999,1.0,1.0,robust_contact
延庆区,2026-04,0.1827379999999999,1.0,1.0,robust_contact
延庆区,2026-05,0.1827379999999999,1.0,1.0,robust_contact
延庆区,2026-06,0.1827379999999999,1.0,1.0,robust_contact
延庆区,2026-07,0.1827379999999999,1.0,1.0,robust_contact
延庆区,2026-08,0.1827379999999999,1.0,1.0,robust_contact
延庆区,2026-09,0.1827379999999999,1.0,1.0,robust_contact
怀柔区,2026-01,0.387258,0.387258,0.387258,robust_contact
怀柔区,2026-02,0.387258,0.387258,0.387258,robust_contact
怀柔区,2026-03,0.387258,0.387258,0.387258,robust_contact
怀柔区,2026-04,0.031538,0.387258,0.387258,robust_contact
怀柔区,2026-05,0.031538,0.387258,0.387258,robust_contact
怀柔区,2026-06,0.031538,0.387258,0.387258,robust_contact
怀柔区,2026-07,0.031538,0.387258,0.387258,robust_contact
怀柔区,2026-08,0.387258,0.387258,0.387258,robust_contact
怀柔区,2026-09,0.387258,0.387258,0.387258,robust_contact
房山区,2026-01,0.491026,0.491026,1.0,robust_contact
房山区,2026-02,0.491026,1.0,1.0,robust_contact
房山区,2026-03,0.491026,0.491026,1.0,robust_contact
房山区,2026-04,0.491026,0.491026,0.491026,robust_contact
房山区,2026-05,0.491026,0.491026,0.491026,robust_contact
房山区,2026-06,0.491026,0.491026,0.491026,robust_contact
房山区,2026-07,0.491026,0.491026,0.491026,robust_contact
房山区,2026-08,0.491026,0.491026,1.0,robust_contact
房山区,2026-09,0.491026,0.491026,1.0,robust_contact
昌平区,2026-01,0.043421,0.043421,0.365432,robust_contact
昌平区,2026-02,0.043421,0.043421,0.365432,robust_contact
昌平区,2026-03,0.043421,0.043421,0.365432,robust_contact
昌平区,2026-04,0.043421,0.043421,0.365432,robust_contact
昌平区,2026-05,0.001292,0.043421,0.365432,robust_contact
昌平区,2026-06,0.043421,0.043421,0.365432,robust_contact
昌平区,2026-07,0.043421,0.043421,0.365432,robust_contact
昌平区,2026-08,0.043421,0.043421,0.365432,robust_contact
昌平区,2026-09,0.043421,0.043421,0.365432,robust_contact
朝阳区,2026-01,0.0,0.0,0.0023919976080023,depth_sensitive_contact
朝阳区,2026-02,0.0,0.0,0.0023919976080023,depth_sensitive_contact
朝阳区,2026-03,0.0,0.0,0.0023919976080023,depth_sensitive_contact
朝阳区,2026-04,0.0,0.0,0.0023919976080023,depth_sensitive_contact
朝阳区,2026-05,0.0,0.0,0.0023919976080023,depth_sensitive_contact
朝阳区,2026-06,0.0,0.0,0.0023919976080023,depth_sensitive_contact
朝阳区,2026-07,0.0,0.0,0.0023919976080023,depth_sensitive_contact
朝阳区,2026-08,0.0,0.0,0.0023919976080023,depth_sensitive_contact
朝阳区,2026-09,0.0,0.0,0.0023919976080023,depth_sensitive_contact
海淀区,2026-01,0.038602,0.205963,0.205963,robust_contact
海淀区,2026-02,0.038602,0.205963,0.205963,robust_contact
海淀区,2026-03,0.038602,0.205963,0.205963,robust_contact
海淀区,2026-04,0.038602,0.205963,0.205963,robust_contact
海淀区,2026-05,0.038602,0.205963,0.205963,robust_contact
海淀区,2026-06,0.038602,0.205963,0.205963,robust_contact
海淀区,2026-07,0.038602,0.205963,0.205963,robust_contact
海淀区,2026-08,0.038602,0.205963,0.205963,robust_contact
海淀区,2026-09,0.038602,0.205963,0.205963,robust_contact
石景山区,2026-01,0.0,0.0,0.036363,depth_sensitive_contact
石景山区,2026-02,0.0,0.0,0.036363,depth_sensitive_contact
石景山区,2026-03,0.0,0.0,0.036363,depth_sensitive_contact
石景山区,2026-04,0.0,0.0,0.036363,depth_sensitive_contact
石景山区,2026-05,0.0,0.0,0.036363,depth_sensitive_contact
石景山区,2026-06,0.0,0.0,0.036363,depth_sensitive_contact
石景山区,2026-07,0.0,0.0,0.036363,depth_sensitive_contact
石景山区,2026-08,0.0,0.0,0.036363,depth_sensitive_contact
石景山区,2026-09,0.0,0.0,0.036363,depth_sensitive_contact
西城区,2026-01,0.072026,0.243094,0.243094,robust_contact
西城区,2026-02,0.072026,0.243094,0.243094,robust_contact
西城区,2026-03,0.072026,0.243094,0.243094,robust_contact
西城区,2026-04,0.072026,0.243094,0.243094,robust_contact
西城区,2026-05,0.072026,0.243094,0.528633,robust_contact
西城区,2026-06,0.072026,0.243094,0.528633,robust_contact
西城区,2026-07,0.072026,0.243094,0.528633,robust_contact
西城区,2026-08,0.243094,0.243094,0.528633,robust_contact
西城区,2026-09,0.243094,0.243094,0.528633,robust_contact
通州区,2026-01,0.437462,0.437462,1.0,robust_contact
通州区,2026-02,0.437462,0.437462,1.0,robust_contact
通州区,2026-03,0.437462,0.437462,0.437462,robust_contact
通州区,2026-04,0.437462,0.437462,0.437462,robust_contact
通州区,2026-05,0.437462,0.437462,0.437462,robust_contact
通州区,2026-06,0.437462,0.437462,0.437462,robust_contact
通州区,2026-07,0.437462,0.437462,1.0,robust_contact
通州区,2026-08,0.437462,0.437462,1.0,robust_contact
通州区,2026-09,0.437462,0.437462,1.0,robust_contact
门头沟区,2026-01,0.0,0.0,0.022179,depth_sensitive_contact
门头沟区,2026-02,0.0,0.0,0.022179,depth_sensitive_contact
门头沟区,2026-03,0.0,0.0,0.022179,depth_sensitive_contact
门头沟区,2026-04,0.0,0.0,0.022179,depth_sensitive_contact
门头沟区,2026-05,0.0,0.0,0.022179,depth_sensitive_contact
门头沟区,2026-06,0.0,0.0,0.022179,depth_sensitive_contact
门头沟区,2026-07,0.0,0.0,0.022179,depth_sensitive_contact
门头沟区,2026-08,0.0,0.0,0.022179,depth_sensitive_contact
门头沟区,2026-09,0.0,0.0,0.022179,depth_sensitive_contact
顺义区,2026-01,0.0,0.0,0.01786,depth_sensitive_contact
顺义区,2026-02,0.0,0.0,0.01786,depth_sensitive_contact
顺义区,2026-03,0.0,0.0,0.01786,depth_sensitive_contact
顺义区,2026-04,0.0,0.0,0.01786,depth_sensitive_contact
顺义区,2026-05,0.0,0.0,0.0,robust_no_contact
顺义区,2026-06,0.0,0.0,0.01786,depth_sensitive_contact
顺义区,2026-07,0.0,0.0,0.01786,depth_sensitive_contact
顺义区,2026-08,0.0,0.0,0.01786,depth_sensitive_contact
顺义区,2026-09,0.0,0.0,0.01786,depth_sensitive_contact
