district,layer_no,layer_bucket,depth_scenario,layer_fraction,deepest_groundwater_year,first_rebound_crossing_year,first_crossing_quality,near_threshold_flag,qc_flag
大兴区,1,B1,shallow,0.524891,2009,,standard,False,no_screening_flag
大兴区,1,B1,central,0.524891,2009,,standard,False,no_screening_flag
大兴区,1,B1,deep,0.524891,2009,,standard,False,no_screening_flag
大兴区,2,B2,shallow,0.387622,2009,,standard,False,no_screening_flag
大兴区,2,B2,central,0.387622,2009,,standard,False,no_screening_flag
大兴区,2,B2,deep,0.387622,2009,,standard,False,no_screening_flag
大兴区,3,B3,shallow,0.077494,2009,,standard,False,no_screening_flag
大兴区,3,B3,central,0.077494,2009,,standard,False,no_screening_flag
大兴区,3,B3,deep,0.077494,2009,,standard,False,no_screening_flag
大兴区,4,B4,shallow,0.009993,2009,,standard,False,no_screening_flag
大兴区,4,B4,central,0.009993,2009,2020.0,near_threshold_band,True,no_screening_flag
大兴区,4,B4,deep,0.009993,2009,,standard,False,no_screening_flag
密云区,1,B1,shallow,0.546399,2017,,standard,False,no_screening_flag
密云区,1,B1,central,0.546399,2017,,standard,False,no_screening_flag
密云区,1,B1,deep,0.546399,2017,,standard,False,no_screening_flag
密云区,2,B2,shallow,0.372812,2017,,standard,False,no_screening_flag
密云区,2,B2,central,0.372812,2017,,standard,False,no_screening_flag
密云区,2,B2,deep,0.372812,2017,,standard,False,no_screening_flag
密云区,3,B3,shallow,0.080789,2017,,standard,False,no_screening_flag
密云区,3,B3,central,0.080789,2017,,standard,False,no_screening_flag
密云区,3,B3,deep,0.080789,2017,,standard,False,no_screening_flag
平谷区,1,B1,shallow,0.682967,2016,,standard,False,no_screening_flag
平谷区,1,B1,central,0.682967,2016,,standard,False,no_screening_flag
平谷区,1,B1,deep,0.682967,2016,,standard,False,no_screening_flag
平谷区,2,B2,shallow,0.180794,2016,,standard,False,no_screening_flag
平谷区,2,B2,central,0.180794,2016,,standard,False,no_screening_flag
平谷区,2,B2,deep,0.180794,2016,,standard,False,no_screening_flag
平谷区,3,B3,shallow,0.13624,2016,,standard,False,no_screening_flag
平谷区,3,B3,central,0.13624,2016,,standard,False,no_screening_flag
平谷区,3,B3,deep,0.13624,2016,,standard,False,no_screening_flag
延庆区,1,B1,shallow,0.817262,2014,,standard,False,no_screening_flag
延庆区,1,B1,central,0.817262,2014,,standard,False,no_screening_flag
延庆区,1,B1,deep,0.817262,2014,,standard,False,no_screening_flag
延庆区,2,B2,shallow,0.162319,2014,,standard,False,no_screening_flag
延庆区,2,B2,central,0.162319,2014,2020.0,standard,False,no_screening_flag
延庆区,2,B2,deep,0.162319,2014,,standard,False,no_screening_flag
延庆区,3,B3,shallow,0.020419,2014,,standard,False,no_screening_flag
延庆区,3,B3,central,0.020419,2014,,standard,False,no_screening_flag
延庆区,3,B3,deep,0.020419,2014,,standard,False,no_screening_flag
怀柔区,1,B1,shallow,0.612742,2014,,standard,False,no_screening_flag
怀柔区,1,B1,central,0.612742,2014,,standard,False,no_screening_flag
怀柔区,1,B1,deep,0.612742,2014,,standard,False,no_screening_flag
怀柔区,2,B2,shallow,0.35572,2014,,standard,False,no_screening_flag
怀柔区,2,B2,central,0.35572,2014,,standard,False,no_screening_flag
怀柔区,2,B2,deep,0.35572,2014,,standard,False,no_screening_flag
怀柔区,3,B3,shallow,0.031538,2014,,standard,False,no_screening_flag
怀柔区,3,B3,central,0.031538,2014,,standard,False,no_screening_flag
怀柔区,3,B3,deep,0.031538,2014,2019.0,standard,False,no_screening_flag
房山区,1,B1,shallow,0.508974,2005,,standard,False,no_screening_flag
房山区,1,B1,central,0.508974,2005,,standard,False,no_screening_flag
房山区,1,B1,deep,0.508974,2005,,standard,False,no_screening_flag
房山区,2,B2,shallow,0.392446,2005,,standard,False,no_screening_flag
房山区,2,B2,central,0.392446,2005,2012.0,standard,False,no_screening_flag
房山区,2,B2,deep,0.392446,2005,2011.0,near_threshold_band,True,no_screening_flag
房山区,3,B3,shallow,0.09858,2005,2012.0,standard,False,no_screening_flag
房山区,3,B3,central,0.09858,2005,2006.0,standard,False,no_screening_flag
房山区,3,B3,deep,0.09858,2005,2006.0,standard,False,no_screening_flag
昌平区,1,B1,shallow,0.634569,2014,,standard,False,no_screening_flag
昌平区,1,B1,central,0.634569,2014,,standard,False,no_screening_flag
昌平区,1,B1,deep,0.634569,2014,,standard,False,no_screening_flag
昌平区,2,B2,shallow,0.322011,2014,,standard,False,no_screening_flag
昌平区,2,B2,central,0.322011,2014,,standard,False,no_screening_flag
昌平区,2,B2,deep,0.322011,2014,,standard,False,no_screening_flag
昌平区,3,B3,shallow,0.042129,2014,,standard,False,no_screening_flag
昌平区,3,B3,central,0.042129,2014,,standard,False,no_screening_flag
昌平区,3,B3,deep,0.042129,2014,,standard,False,no_screening_flag
昌平区,4,B4,shallow,0.001292,2014,,standard,False,no_screening_flag
昌平区,4,B4,central,0.001292,2014,,standard,False,no_screening_flag
昌平区,4,B4,deep,0.001292,2014,,standard,False,no_screening_flag
通州区,1,B1,shallow,0.562538,2019,,standard,False,no_screening_flag
通州区,1,B1,central,0.562538,2019,,standard,False,no_screening_flag
通州区,1,B1,deep,0.562538,2019,,standard,False,no_screening_flag
通州区,2,B2,shallow,0.38115,2019,,standard,False,no_screening_flag
通州区,2,B2,central,0.38115,2019,,standard,False,no_screening_flag
通州区,2,B2,deep,0.38115,2019,,standard,False,no_screening_flag
通州区,3,B3,shallow,0.056312,2019,,standard,False,no_screening_flag
通州区,3,B3,central,0.056312,2019,,standard,False,no_screening_flag
通州区,3,B3,deep,0.056312,2019,,standard,False,no_screening_flag
门头沟区,1,B1,shallow,0.408381,2019,,standard,False,no_screening_flag
门头沟区,1,B1,central,0.408381,2019,,standard,False,no_screening_flag
门头沟区,1,B1,deep,0.408381,2019,,standard,False,no_screening_flag
门头沟区,2,B2,shallow,0.340843,2019,,standard,False,no_screening_flag
门头沟区,2,B2,central,0.340843,2019,,standard,False,no_screening_flag
门头沟区,2,B2,deep,0.340843,2019,,standard,False,no_screening_flag
门头沟区,3,B3,shallow,0.228597,2019,,standard,False,no_screening_flag
门头沟区,3,B3,central,0.228597,2019,,standard,False,no_screening_flag
门头沟区,3,B3,deep,0.228597,2019,,standard,False,no_screening_flag
门头沟区,4,B4,shallow,0.022179,2019,,standard,False,no_screening_flag
门头沟区,4,B4,central,0.022179,2019,,standard,False,no_screening_flag
门头沟区,4,B4,deep,0.022179,2019,,standard,False,no_screening_flag
顺义区,1,B1,shallow,0.71489,2014,,standard,False,no_screening_flag
顺义区,1,B1,central,0.71489,2014,,standard,False,no_screening_flag
顺义区,1,B1,deep,0.71489,2014,,standard,False,no_screening_flag
顺义区,2,B2,shallow,0.26725,2014,,standard,False,no_screening_flag
顺义区,2,B2,central,0.26725,2014,,standard,False,no_screening_flag
顺义区,2,B2,deep,0.26725,2014,,standard,False,no_screening_flag
顺义区,3,B3,shallow,0.01786,2014,,standard,False,no_screening_flag
顺义区,3,B3,central,0.01786,2014,,standard,False,no_screening_flag
顺义区,3,B3,deep,0.01786,2014,,standard,False,no_screening_flag
